dataset;alpha;random_state;KM_1;KM_2;baseline_dedpul;dedpul;e1_en;e3_en;em_en;random_dedpul
bank;0,05;0;0,2117;0,05009999999999999;0,1501;0,0478;0,05;0,1173;0,025;0,0352
bank;0,05;1;0,1321;0,05009999999999999;0,1865;0,030000000000000002;0,008299999999999995;0,2486;0,017100000000000004;0,028600000000000004
bank;0,05;2;0,5491999999999999;0,05009999999999999;0,1377;0,0425;0,015100000000000002;0,18480000000000002;0,017199999999999993;0,038400000000000004
bank;0,05;3;0,28700000000000003;0,05009999999999999;0,10260000000000001;0,0708;0,0039000000000000007;0,22560000000000002;0,03849999999999999;9,999999999999593e-05
bank;0,05;4;0,5236999999999999;0,05009999999999999;0,0929;0,029700000000000004;0,0328;0,1522;0,062299999999999994;0,022000000000000002
bank;0,05;5;0,2279;0,0966;0,14589999999999997;0,037000000000000005;0,043800000000000006;0,14489999999999997;0,0936;0,0354
bank;0,05;6;0,30010000000000003;0,05009999999999999;0,09119999999999999;0,0453;0,0413;0,12469999999999999;0,04819999999999999;0,0402
bank;0,05;7;0,2117;0,05009999999999999;0,0655;0,018800000000000004;0,025300000000000003;0,14439999999999997;0,0315;0,018300000000000004
bank;0,05;8;0,47869999999999996;0,05009999999999999;0,104;0,0318;0,05;0,0994;0,21000000000000002;0,016100000000000003
bank;0,05;9;0,47869999999999996;0,05009999999999999;0,0513;0,0476;0,029200000000000004;0,1533;0,018000000000000002;0,044800000000000006
bank;0,25;0;0,019600000000000006;0,0582;0,029899999999999982;0,07339999999999999;0,2137;0,03670000000000001;0,1644;0,14600000000000002
bank;0,25;1;0,029099999999999987;0,038599999999999995;0,0033999999999999864;0,05629999999999999;0,25;0,0421;0,28300000000000003;0,0615
bank;0,25;2;0,1094;0,0801;0,029799999999999993;0,026400000000000007;0,2229;0,04409999999999997;0,06;0,03190000000000001
bank;0,25;3;0,002700000000000008;0,0524;0,04150000000000001;0,03720000000000001;0,2457;0,004599999999999993;0,059;0,10389999999999999
bank;0,25;4;0,0398;0,012399999999999994;0,026500000000000024;0,0527;0,1739;0,0826;0,07980000000000001;0,1101
bank;0,25;5;0,0398;0,02560000000000001;0,12;0,0010999999999999899;0,14479999999999998;0,10260000000000002;0,08049999999999999;0,1232
bank;0,25;6;0,03370000000000001;0,03509999999999999;0,002700000000000008;0,125;0,2306;0,012199999999999989;0,101;0,1172
bank;0,25;7;0,019600000000000006;0,05160000000000001;0,0552;0,0673;0,1829;0,0781;0,0007999999999999952;0,12140000000000001
bank;0,25;8;0,02789999999999998;0,02479999999999999;0,0121;0,06340000000000001;0,1862;0,09699999999999998;0,015199999999999991;0,1291
bank;0,25;9;0,0547;0,0733;0,0031999999999999806;0,03670000000000001;0,25;0,03989999999999999;0,203;0,1127
bank;0,5;0;0,10360000000000003;0,06419999999999998;0,12240000000000001;0,05579999999999996;0,421;0,08829999999999999;0,13;0,1189
bank;0,5;1;0,027000000000000024;0,019699999999999995;0,055999999999999994;0,033499999999999974;0,3771;0,031700000000000006;0,09599999999999997;0,04930000000000001
bank;0,5;2;0,018600000000000005;0,02410000000000001;0,043200000000000016;0,005199999999999982;0,33140000000000003;0,03820000000000001;0,2511;0,009199999999999986
bank;0,5;3;0,08529999999999999;0,07140000000000002;0,11680000000000001;0,13990000000000002;0,4205;0,08689999999999998;0,08700000000000002;0,14140000000000003
bank;0,5;4;0,08529999999999999;0,06780000000000003;0,03839999999999999;0,02400000000000002;0,3691;0,03870000000000001;0,0010000000000000009;0,0953
bank;0,5;5;0,008700000000000041;0,018900000000000028;0,048099999999999976;0,08050000000000002;0,28390000000000004;0,04479999999999995;0,11159999999999998;0,10980000000000001
bank;0,5;6;0,04310000000000003;0,03270000000000001;0,014500000000000013;0,07900000000000001;0,4063;0,047099999999999975;0,10799999999999998;0,08560000000000001
bank;0,5;7;0,05070000000000002;0,04099999999999998;0,004500000000000004;0,03689999999999999;0,2815;0,0474;0,054200000000000026;0,07540000000000002
bank;0,5;8;0,10360000000000003;0,06419999999999998;0,07769999999999999;0,08910000000000001;0,27080000000000004;0,06610000000000005;0,09110000000000001;0,1013
bank;0,5;9;0,10360000000000003;0,07490000000000002;0,03369999999999995;0,017799999999999983;0,3361;0,00649999999999995;0,11939999999999995;0,01679999999999998
bank;0,75;0;0,12290000000000001;0,07550000000000001;0,10270000000000001;0,09950000000000003;0,4564;0,1139;0,18400000000000005;0,1734
bank;0,75;1;0,09230000000000005;0,06659999999999999;0,08020000000000005;0,00770000000000004;0,4118;0,0877;0,033499999999999974;0,059699999999999975
bank;0,75;2;0,058599999999999985;0,02839999999999998;0,06899999999999995;0,1099;0,3938;0,06710000000000005;0,05289999999999995;0,11729999999999996
bank;0,75;3;0,12290000000000001;0,11680000000000001;0,122;0,125;0,4058;0,06369999999999998;0,060899999999999954;0,029100000000000015
bank;0,75;4;0,07589999999999997;0,02839999999999998;0,09399999999999997;0,041200000000000014;0,4545;0,10929999999999995;0,014000000000000012;0,08250000000000002
bank;0,75;5;0,09230000000000005;0,08420000000000005;0,10309999999999997;0,13829999999999998;0,3647;0,056599999999999984;0,17369999999999997;0,13939999999999997
bank;0,75;6;0,07589999999999997;0,05740000000000001;0,1069;0,041000000000000036;0,4922;0,14780000000000004;0,061000000000000054;0,061899999999999955
bank;0,75;7;0,07589999999999997;0,05740000000000001;0,07830000000000004;0,07040000000000002;0,378;0,053300000000000014;0,123;0,10609999999999997
bank;0,75;8;0,10799999999999998;0,08420000000000005;0,07499999999999996;0,10980000000000001;0,3984;0,05289999999999995;0,05249999999999999;0,1531
bank;0,75;9;0,10799999999999998;0,07550000000000001;0,10099999999999998;0,08079999999999998;0,4594;0,11129999999999995;0,1331;0,12450000000000006
bank;0,95;0;0,10719999999999996;0,0685;0,18179999999999996;0,09599999999999997;0,46939999999999993;0,21599999999999997;0,007199999999999984;0,08299999999999996
bank;0,95;1;0,10719999999999996;0,09759999999999991;0,16879999999999995;0,0794999999999999;0,4841;0,20479999999999998;0,03799999999999992;0,08749999999999991
bank;0,95;2;0,10719999999999996;0,08329999999999993;0,12490000000000001;0,10139999999999993;0,5109999999999999;0,254;0,006300000000000083;0,10109999999999997
bank;0,95;3;0,13279999999999992;0,0685;0,1731999999999999;0,060699999999999976;0,47259999999999996;0,2279;0,02399999999999991;0,11229999999999996
bank;0,95;4;0,10719999999999996;0,0685;0,14429999999999998;0,1439999999999999;0,49439999999999995;0,24259999999999993;0,031000000000000028;0,08199999999999996
bank;0,95;5;0,10719999999999996;0,0685;0,1694;0,08949999999999991;0,41899999999999993;0,16469999999999996;0,15139999999999998;0,09089999999999998
bank;0,95;6;0,13279999999999992;0,09759999999999991;0,13539999999999996;0,133;0,4427;0,19409999999999994;0,07350000000000001;0,1389999999999999
bank;0,95;7;0,10719999999999996;0,0685;0,12969999999999993;0,10389999999999999;0,5074;0,22139999999999993;0,016599999999999948;0,13429999999999997
bank;0,95;8;0,07999999999999996;0,0685;0,13369999999999993;0,09089999999999998;0,49119999999999997;0,24749999999999994;0,0020000000000000018;0,09299999999999997
bank;0,95;9;0,10719999999999996;0,0685;0,1442;0,07069999999999999;0,49439999999999995;0,24229999999999996;0,0010000000000000009;0,053199999999999914
concrete;0,05;0;0,7672;0,6426;0,2614;0,0412;0,05;0,071;0,0;0,0239
concrete;0,05;1;0,7432;0,2584;0,44730000000000003;0,05;0,05;0,044899999999999995;0,032;0,05
concrete;0,05;2;0,7432;0,14839999999999998;0,4416;0,05;0,05;0,10359999999999998;0,015;0,044800000000000006
concrete;0,05;3;0,6596;0,2548;0,37520000000000003;0,14650000000000002;0,05;0,21640000000000004;0,12499999999999999;0,20790000000000003
concrete;0,05;4;0,7204999999999999;0,5537;0,11359999999999999;0,003999999999999997;0,05;0,07629999999999999;0,019000000000000003;0,052599999999999994
concrete;0,05;5;0,6990999999999999;0,45870000000000005;0,5571999999999999;0,1244;0,05;0,20700000000000002;0,174;0,0999
concrete;0,05;6;0,7672;0,6818;0,42560000000000003;0,1198;0,05;0,13140000000000002;0,064;0,1047
concrete;0,05;7;0,7432;0,4173;0,3842;0,0431;0,05;0,14739999999999998;0,029;0,0432
concrete;0,05;8;0,7204999999999999;0,3428;0,6266999999999999;0,045200000000000004;0,05;0,0126;0,043000000000000003;0,0405
concrete;0,05;9;0,7204999999999999;0,5021;0,3529;0,029100000000000004;0,05;0,114;0,079;0,008200000000000006
concrete;0,25;0;0,5928;0,4818;0,14389999999999997;0,14379999999999998;0,25;0,0019000000000000128;0,04999999999999999;0,13979999999999998
concrete;0,25;1;0,4991;0,06770000000000001;0,16599999999999998;0,07;0,25;0,06209999999999999;0,09599999999999997;0,0335
concrete;0,25;2;0,5928;0,027000000000000024;0,13679999999999998;0,015600000000000003;0,25;0,1387;0,14800000000000002;0,1184
concrete;0,25;3;0,5432;0,11249999999999999;0,2244;0,0499;0,25;0,04039999999999999;0,14300000000000002;0,0519
concrete;0,25;4;0,5205;0,1477;0,129;0,028200000000000003;0,25;0,0;0,016000000000000014;0,0121
concrete;0,25;5;0,5672;0,30810000000000004;0,2219;0,1079;0,25;0,10120000000000001;0,194;0,05990000000000001
concrete;0,25;6;0,5672;0,17859999999999998;0,2022;0,015899999999999997;0,25;0,1527;0,193;0,038099999999999995
concrete;0,25;7;0,5205;0,04949999999999999;0,35129999999999995;0,1736;0,25;0,11930000000000002;0,15600000000000003;0,1533
concrete;0,25;8;0,5928;0,17509999999999998;0,06409999999999999;0,2218;0,25;0,1356;0,16999999999999998;0,2238
concrete;0,25;9;0,5672;0,3204;0,019799999999999984;0,118;0,25;0,061;0,022999999999999993;0,08879999999999999
concrete;0,5;0;0,09919999999999995;0,25570000000000004;0,044399999999999995;0,10460000000000003;0,4476;0,05030000000000001;0,22599999999999998;0,10189999999999999
concrete;0,5;1;0,27049999999999996;0,08850000000000002;0,11380000000000001;0,020299999999999985;0,4142;0,08750000000000002;0,10899999999999999;0,06790000000000002
concrete;0,5;2;0,07369999999999999;0,17609999999999998;0,0595;0,06320000000000003;0,4014;0,12129999999999996;0,258;0,022700000000000053
concrete;0,5;3;0,31720000000000004;0,010599999999999998;0,1119;0,044899999999999995;0,434;0,08899999999999997;0,28600000000000003;0,07419999999999999
concrete;0,5;4;0,27049999999999996;0,10720000000000002;0,04420000000000002;0,1472;0,42369999999999997;0,04800000000000004;0,02100000000000002;0,1391
concrete;0,5;5;0,14200000000000002;0,24480000000000002;0,07750000000000001;0,1336;0,4263;0,04049999999999998;0,347;0,13179999999999997
concrete;0,5;6;0,06169999999999998;0,14250000000000002;0,04579999999999995;0,26249999999999996;0,3375;0,12760000000000005;0,118;0,04580000000000001
concrete;0,5;7;0,31720000000000004;0,04059999999999997;0,03820000000000001;0,18269999999999997;0,4592;0,10450000000000004;0,21399999999999997;0,012400000000000022
concrete;0,5;8;0,31720000000000004;0,18780000000000002;0,025800000000000045;0,1593;0,4919;0,013499999999999956;0,134;0,1366
concrete;0,5;9;0,31720000000000004;0,12430000000000002;0,013499999999999956;0,12780000000000002;0,4423;0,03510000000000002;0,235;0,11520000000000002
concrete;0,75;0;0,10799999999999998;0,1392;0,0029000000000000137;0,03969999999999996;0,3153;0,016900000000000026;0,139;0,05579999999999996
concrete;0,75;1;0,07589999999999997;0,12439999999999996;0,007800000000000029;0,018399999999999972;0,3057;0,0020000000000000018;0,09999999999999998;0,053200000000000025
concrete;0,75;2;0,04039999999999999;0,09260000000000002;0,023499999999999965;0,027100000000000013;0,2967;0,01870000000000005;0,11860000000000004;0,0947
concrete;0,75;3;0,09230000000000005;0,13190000000000002;0,024599999999999955;0,05689999999999995;0,2986;0,015700000000000047;0,06599999999999995;0,054400000000000004
concrete;0,75;4;0,04039999999999999;0,11680000000000001;0,03710000000000002;0,03700000000000003;0,2999;0,006399999999999961;0,16100000000000003;0,026000000000000023
concrete;0,75;5;0,10799999999999998;0,16679999999999995;0,05569999999999997;0,11699999999999999;0,3141;0,02629999999999999;0,06299999999999994;0,11319999999999997
concrete;0,75;6;0,058599999999999985;0,10089999999999999;0,009800000000000031;0,050000000000000044;0,2931;0,016000000000000014;0,12749999999999995;0,05920000000000003
concrete;0,75;7;0,07589999999999997;0,10089999999999999;0,030399999999999983;0,04920000000000002;0,2887;0,02310000000000001;0,06740000000000002;0,057499999999999996
concrete;0,75;8;0,07589999999999997;0,13190000000000002;0,021199999999999997;0,03520000000000001;0,2962;0,01200000000000001;0,12939999999999996;0,07599999999999996
concrete;0,75;9;0,09230000000000005;0,16679999999999995;0,04369999999999996;0,060699999999999976;0,2969;0,014900000000000024;0,014000000000000012;0,0857
concrete;0,95;0;0,13349999999999995;0,09829999999999994;0,12539999999999996;0,09770000000000001;0,2662;0,15959999999999996;0,008499999999999952;0,06669999999999998
concrete;0,95;1;0,1079;0,09829999999999994;0,2541;0,03869999999999996;0,26549999999999996;0,21140000000000003;0,009000000000000008;0,09870000000000001
concrete;0,95;2;0,1079;0,06920000000000004;0,23109999999999997;0,027699999999999947;0,2781;0,16100000000000003;0,00039999999999995595;0,04269999999999996
concrete;0,95;3;0,15749999999999997;0,11209999999999998;0,06499999999999995;0,06140000000000001;0,29569999999999996;0,13980000000000004;0,0040999999999999925;0,06769999999999998
concrete;0,95;4;0,1079;0,06920000000000004;0,21719999999999995;0,02069999999999994;0,29089999999999994;0,1753;0,034499999999999975;0,07230000000000003
concrete;0,95;5;0,13349999999999995;0,08399999999999996;0,12080000000000002;0,049699999999999966;0,26680000000000004;0,18569999999999998;0,0028000000000000247;0,05569999999999997
concrete;0,95;6;0,13349999999999995;0,09829999999999994;0,09819999999999995;0,036599999999999966;0,27890000000000004;0,18169999999999997;0,00539999999999996;0,05069999999999997
concrete;0,95;7;0,13349999999999995;0,09829999999999994;0,13570000000000004;0,05469999999999997;0,26459999999999995;0,14280000000000004;0,006599999999999939;0,12959999999999994
concrete;0,95;8;0,13349999999999995;0,12549999999999994;0,07650000000000001;0,058599999999999985;0,30169999999999997;0,14139999999999997;0,0017000000000000348;0,0937
concrete;0,95;9;0,13349999999999995;0,11209999999999998;0,13539999999999996;0,03600000000000003;0,29089999999999994;0,15259999999999996;0,012800000000000034;0,03849999999999998
housing;0,05;0;0,949;0,9508999999999999;0,267;0,114;0,05;0,20690000000000003;0,201;0,1176
housing;0,05;1;0,7432;0,401;0,5544;0,16449999999999998;0,05;0,20879999999999999;0,185;0,16560000000000002
housing;0,05;2;0,6241;0,2955;0,5161;0,10690000000000001;0,05;0,13729999999999998;0,107;0,1506
housing;0,05;3;0,949;0,9508999999999999;0,2968;0,1244;0,05;0,17859999999999998;0,09999999999999999;0,20650000000000002
housing;0,05;4;0,6414;0,9508999999999999;0,6032;0,05;0,05;0,043399999999999994;0,0050000000000000044;0,05
housing;0,05;5;0,6241;0,29100000000000004;0,3756;0,25470000000000004;0,05;0,08839999999999999;0,112;0,2955
housing;0,05;6;0,6788;0,2801;0,466;0,0307;0,05;0,0815;0,06899999999999999;0,0339
housing;0,05;7;0,949;0,9508999999999999;0,2374;0,0757;0,05;0,11689999999999999;0,277;0,082
housing;0,05;8;0,7204999999999999;0,9508999999999999;0,17370000000000002;0,014100000000000001;0,05;0,0708;0,008999999999999994;0,08839999999999999
housing;0,05;9;0,949;0,9508999999999999;0,18359999999999999;0,03939999999999999;0,05;0,14500000000000002;0,116;0,024499999999999994
housing;0,25;0;0,5672;0,2173;0,1764;0,010799999999999976;0,25;0,10720000000000002;0,21300000000000002;0,1114
housing;0,25;1;0,24020000000000002;0,05890000000000001;0,23249999999999998;0,04139999999999999;0,22139999999999999;0,1884;0,22199999999999998;0,04459999999999997
housing;0,25;2;0,4414;0,0887;0,17359999999999998;0,020600000000000007;0,25;0,0514;0,275;0,0032000000000000084
housing;0,25;3;0,4788;0,20500000000000002;0,28779999999999994;0,177;0,2167;0,27749999999999997;0,37;0,22349999999999998
housing;0,25;4;0,749;0,7508999999999999;0,21450000000000002;0,06820000000000001;0,25;0,029200000000000004;0,05099999999999999;0,059599999999999986
housing;0,25;5;0,4788;0,2394;0,1073;0,02200000000000002;0,25;0,1496;0,22399999999999998;0,057699999999999974
housing;0,25;6;0,5432;0,06219999999999998;0,09770000000000001;0,010199999999999987;0,25;0,09110000000000001;0,22610000000000002;0,08879999999999999
housing;0,25;7;0,4991;0,006400000000000017;0,173;0,024500000000000022;0,25;0,13;0,369;0,0711
housing;0,25;8;0,749;0,5497;0,1846;0,09640000000000001;0,25;0,0242;0,13140000000000002;0,03570000000000001
housing;0,25;9;0,5928;0,134;0,08760000000000001;0,187;0,25;0,03770000000000001;0,27549999999999997;0,04999999999999999
housing;0,5;0;0,09919999999999995;0,135;0,12080000000000002;0,030000000000000027;0,4148;0,07730000000000004;0,277;0,10170000000000001
housing;0,5;1;0,06169999999999998;0,10120000000000001;0,09450000000000003;0,02729999999999999;0,2585;0,1532;0,121;0,05730000000000002
housing;0,5;2;0,018600000000000005;0,1859;0,0685;0,05680000000000002;0,3718;0,05379999999999996;0,132;0,0479
housing;0,5;3;0,07369999999999999;0,11880000000000002;0,04520000000000002;0,04500000000000004;0,313;0,13870000000000005;0,29300000000000004;0,20999999999999996
housing;0,5;4;0,04310000000000003;0,2244;0,004400000000000015;0,1372;0,4487;0,023499999999999965;0,16300000000000003;0,10830000000000001
housing;0,5;5;0,028699999999999948;0,11599999999999999;0,15810000000000002;0,010199999999999987;0,3665;0,03749999999999998;0,238;0,06430000000000002
housing;0,5;6;0,05020000000000002;0,21839999999999998;0,15959999999999996;0,052700000000000025;0,4462;0,09109999999999996;0,17100000000000004;0,019299999999999984
housing;0,5;7;0,07369999999999999;0,1375;0,14590000000000003;0,01419999999999999;0,33940000000000003;0,12380000000000002;0,359;0,011099999999999999
housing;0,5;8;0,04310000000000003;0,18969999999999998;0,1169;0,07669999999999999;0,3882;0,020399999999999974;0,02400000000000002;0,008199999999999985
housing;0,5;9;0,399;0,02410000000000001;0,03839999999999999;0,038000000000000034;0,4846;0,007399999999999962;0,16200000000000003;0,020699999999999996
housing;0,75;0;0,09230000000000005;0,11680000000000001;0,019199999999999995;0,047799999999999954;0,3362;0,024599999999999955;0,16000000000000003;0,04159999999999997
housing;0,75;1;0,058599999999999985;0,08420000000000005;0,05159999999999998;0,0252;0,24919999999999998;0,06159999999999999;0,12060000000000004;0,0262
housing;0,75;2;0,09230000000000005;0,12439999999999996;0,018299999999999983;0,029000000000000026;0,2924;0,018000000000000016;0,062000000000000055;0,0011999999999999789
housing;0,75;3;0,0009000000000000119;0,00770000000000004;0,08579999999999999;0,06669999999999998;0,19899999999999995;0,07669999999999999;0,1765;0,0615
housing;0,75;4;0,020499999999999963;0,0383;0,04159999999999997;0,07499999999999996;0,3555;0,011800000000000033;0,19399999999999995;0,07379999999999998
housing;0,75;5;0,058599999999999985;0,08420000000000005;0,0012999999999999678;0,0010000000000000009;0,2889;0,041100000000000025;0,052000000000000046;0,006000000000000005
housing;0,75;6;0,058599999999999985;0,10089999999999999;0,008900000000000019;0,022299999999999986;0,3495;0,007299999999999973;0,03600000000000003;0,030000000000000027
housing;0,75;7;0,058599999999999985;0,12439999999999996;0,01539999999999997;0,03590000000000004;0,3026;0,04090000000000005;0,13170000000000004;0,03969999999999996
housing;0,75;8;0,10799999999999998;0,16679999999999995;0,0242;0,05489999999999995;0,3339;0,021299999999999986;0,15469999999999995;0,05840000000000001
housing;0,75;9;0,07589999999999997;0,1533;0,09770000000000001;0,11399999999999999;0,3425;0,0021999999999999797;0,14200000000000002;0,01749999999999996
housing;0,95;0;0,13469999999999993;0,09949999999999992;0,11080000000000001;0,037899999999999934;0,2691;0,22109999999999996;0,0014999999999999458;0,22209999999999996
housing;0,95;1;0,10909999999999997;0,0393;0,2126;0,03389999999999993;0,23749999999999993;0,2793;0,01860000000000006;0,20439999999999992
housing;0,95;2;0,13469999999999993;0,09949999999999992;0,07129999999999992;0,03489999999999993;0,27049999999999996;0,16789999999999994;0,0048000000000000265;0,04039999999999999
housing;0,95;3;0,10909999999999997;0,07040000000000002;0,10639999999999994;0,03289999999999993;0,24829999999999997;0,2258;9,999999999998899e-05;0,21209999999999996
housing;0,95;4;0,10909999999999997;0,05509999999999993;0,12979999999999992;0,011900000000000022;0,27469999999999994;0,23229999999999995;0,010400000000000076;0,07250000000000001
housing;0,95;5;0,10909999999999997;0,07040000000000002;0,21899999999999997;0,08889999999999998;0,27149999999999996;0,2398;0,007299999999999973;0,19469999999999998
housing;0,95;6;0,13469999999999993;0,08519999999999994;0,21299999999999997;0,08189999999999997;0,26879999999999993;0,24080000000000001;0,005400000000000071;0,10609999999999997
housing;0,95;7;0,10909999999999997;0,07040000000000002;0,17159999999999997;0,06889999999999996;0,24280000000000002;0,24939999999999996;0,019299999999999984;0,07019999999999993
housing;0,95;8;0,10909999999999997;0,07040000000000002;0,13569999999999993;0,030899999999999928;0,237;0,23919999999999997;0,017000000000000015;0,05930000000000002
housing;0,95;9;0,10909999999999997;0,08519999999999994;0,11669999999999991;0,03489999999999993;0,25139999999999996;0,19809999999999994;0,0044999999999999485;0,09409999999999996
landsat;0,05;0;0,14529999999999998;0,05009999999999999;0,07529999999999999;0,010800000000000004;0,05;0,12069999999999999;0,063;0,006500000000000006
landsat;0,05;1;0,13979999999999998;0,05009999999999999;0,13640000000000002;0,05979999999999999;0,044300000000000006;0,13540000000000002;0,09099999999999998;0,046799999999999994
landsat;0,05;2;0,949;0,9319;0,13140000000000002;0,0008000000000000021;0,05;0,079;0,017;0,004199999999999995
landsat;0,05;3;0,949;0,9319;0,17830000000000001;0,0131;0,05;0,0514;0,009999999999999995;0,0046
landsat;0,05;4;0,949;0,9319;0,12100000000000001;0,021400000000000002;0,05;0,0934;0,010000000000000002;0,0087
landsat;0,05;5;0,1412;0,05009999999999999;0,2263;0,04239999999999999;0,045700000000000005;0,12169999999999999;0,051000000000000004;0,0403
landsat;0,05;6;0,949;0,9319;0,16049999999999998;0,0155;0,05;0,03269999999999999;0,0030000000000000027;0,00010000000000000286
landsat;0,05;7;0,949;0,9319;0,4248;0,016300000000000002;0,05;0,0432;0,0;0,0005999999999999964
landsat;0,05;8;0,949;0,9319;0,2929;0,0016000000000000042;0,05;0,1198;0,0;0,0038000000000000048
landsat;0,05;9;0,47869999999999996;0,0645;0,09280000000000001;0,031700000000000006;0,05;0,1019;0,010000000000000002;0,0227
landsat;0,25;0;0,02789999999999998;0,021199999999999997;0,0721;0,015400000000000025;0,1142;0,09860000000000002;0,061;0,025500000000000023
landsat;0,25;1;0,04299999999999998;0,0378;0,10189999999999999;0,028200000000000003;0,0973;0,11649999999999999;0,064;0,0726
landsat;0,25;2;0,011699999999999988;0,0039000000000000146;0,14539999999999997;0,0018000000000000238;0,1074;0,0942;0,02100000000000002;0,003300000000000025
landsat;0,25;3;0,009300000000000003;0,017699999999999994;0,11570000000000003;0,018600000000000005;0,12340000000000001;0,05020000000000002;0,016000000000000014;0,016600000000000004
landsat;0,25;4;0,01429999999999998;0,0010000000000000009;0,09029999999999999;0,008599999999999997;0,1286;0,08800000000000002;0,015000000000000013;0,016399999999999998
landsat;0,25;5;0,019500000000000017;0,0116;0,134;0,02689999999999998;0,08710000000000001;0,08339999999999997;0,045999999999999985;0,023899999999999977
landsat;0,25;6;0,015600000000000003;0,020800000000000013;0,0247;0,009300000000000003;0,12990000000000002;0,04920000000000002;0,006000000000000005;0,0022000000000000075
landsat;0,25;7;0,015600000000000003;0,027700000000000002;0,053300000000000014;0,0262;0,133;0,04720000000000002;0,01100000000000001;0,01780000000000001
landsat;0,25;8;0,019600000000000006;0,03509999999999999;0,03949999999999998;0,007099999999999995;0,1147;0,07450000000000001;0,02400000000000002;0,0012000000000000066
landsat;0,25;9;0,027200000000000002;0,03950000000000001;0,0691;0,004699999999999982;0,1247;0,0817;0,02100000000000002;0,03410000000000002
landsat;0,5;0;0,0006999999999999784;0,008700000000000041;0,022199999999999998;0,0006999999999999784;0,11549999999999999;0,07889999999999997;0,008000000000000007;0,00990000000000002
landsat;0,5;1;0,0006999999999999784;0,0037000000000000366;0,010399999999999965;0,03199999999999997;0,11580000000000001;0,061000000000000054;0,020000000000000018;0,0006999999999999784
landsat;0,5;2;0,009799999999999975;0,0010999999999999899;0,015800000000000036;0,008199999999999985;0,10899999999999999;0,05589999999999995;0,0030000000000000027;0,009000000000000008
landsat;0,5;3;0,018600000000000005;0,0010999999999999899;9,999999999998899e-05;0,007900000000000018;0,12869999999999998;0,054300000000000015;0,010000000000000009;0,020100000000000007
landsat;0,5;4;0,0006999999999999784;0,008700000000000041;0,03159999999999996;0,015500000000000014;0,13579999999999998;0,05989999999999995;0,0020000000000000018;0,007400000000000018
landsat;0,5;5;0,008700000000000041;0,02410000000000001;0,046699999999999964;0,012599999999999945;0,10099999999999998;0,08299999999999996;0,02200000000000002;0,022800000000000042
landsat;0,5;6;0,018600000000000005;0,005900000000000016;0,014399999999999968;0,006099999999999994;0,12830000000000003;0,06040000000000001;0,017000000000000015;0,010800000000000032
landsat;0,5;7;0,027000000000000024;0,015199999999999991;0,040000000000000036;0,02200000000000002;0,13540000000000002;0,05300000000000005;0,0030000000000000027;0,022399999999999975
landsat;0,5;8;0,018600000000000005;0,005900000000000016;0,05479999999999996;0,013399999999999967;0,11249999999999999;0,045399999999999996;0,02100000000000002;0,007900000000000018
landsat;0,5;9;0,027000000000000024;0,019699999999999995;0,034399999999999986;0,0008000000000000229;0,13279999999999997;0,04810000000000003;0,03400000000000003;0,0
landsat;0,75;0;0,021199999999999997;0,00770000000000004;0,00660000000000005;0,010000000000000009;0,13190000000000002;0,016000000000000014;0,0030000000000000027;0,016700000000000048
landsat;0,75;1;0,021199999999999997;0,0030999999999999917;0,0023999999999999577;0,0017000000000000348;0,13249999999999995;0,024900000000000033;0,031000000000000028;0,00539999999999996
landsat;0,75;2;0,021199999999999997;0,00770000000000004;0,0050000000000000044;0,011499999999999955;0,11960000000000004;0,01870000000000005;0,009000000000000008;0,013399999999999967
landsat;0,75;3;0,021199999999999997;0,00770000000000004;0,010099999999999998;0,0010999999999999899;0,11670000000000003;0,025699999999999945;0,026000000000000023;0,009000000000000008
landsat;0,75;4;0,021199999999999997;0,0030999999999999917;0,008299999999999974;0,005600000000000049;0,11470000000000002;0,030299999999999994;0,02100000000000002;0,0038000000000000256
landsat;0,75;5;0,0009000000000000119;0,01419999999999999;0,011099999999999999;9,999999999998899e-05;0,11960000000000004;0,0403;0,04800000000000004;0,0044999999999999485
landsat;0,75;6;0,021199999999999997;0,00770000000000004;0,009099999999999997;0,0026000000000000467;0,12960000000000005;0,029200000000000004;0,01100000000000001;0,01759999999999995
landsat;0,75;7;0,021199999999999997;0,00770000000000004;0,022599999999999953;0,0020999999999999908;0,125;0,020100000000000007;0,0030000000000000027;0,012199999999999989
landsat;0,75;8;0,021199999999999997;0,018199999999999994;0,00880000000000003;0,01319999999999999;0,138;0,018199999999999994;0,014000000000000012;0,007499999999999951
landsat;0,75;9;0,04039999999999999;0,018199999999999994;0,017199999999999993;0,006700000000000039;0,12260000000000004;0,018000000000000016;0,027000000000000024;0,00990000000000002
landsat;0,95;0;0,019899999999999918;0,0040000000000000036;0,16259999999999997;0,0008000000000000229;0,10649999999999993;0,22119999999999995;0,021199999999999997;0,000200000000000089
landsat;0,95;1;0,019899999999999918;0,0040000000000000036;0,2369;0,0039000000000000146;0,119;0,30899999999999994;0,035700000000000065;0,0016000000000000458
landsat;0,95;2;0,019899999999999918;0,0040000000000000036;0,2517999999999999;0,01440000000000008;0,10729999999999995;0,29259999999999997;0,023800000000000043;0,0030000000000000027
landsat;0,95;3;0,019899999999999918;0,0040000000000000036;0,1129;0,0014999999999999458;0,11749999999999994;0,24919999999999998;0,017900000000000027;0,0036999999999999256
landsat;0,95;4;0,019899999999999918;0,0040000000000000036;0,16079999999999994;0,0015000000000000568;0,11119999999999997;0,19629999999999992;0,017400000000000082;0,0017000000000000348
landsat;0,95;5;0,019899999999999918;0,0040000000000000036;0,13539999999999996;0,0013999999999999568;0,118;0,27359999999999995;0,014000000000000012;0,0012999999999999678
landsat;0,95;6;0,019899999999999918;0,0040000000000000036;0,12479999999999991;0,0021999999999999797;0,1157999999999999;0,23909999999999998;0,013900000000000023;0,0025999999999999357
landsat;0,95;7;0,019899999999999918;0,0040000000000000036;0,1512;0,0022000000000000908;0,10919999999999996;0,2641;0,018400000000000083;0,0019000000000000128
landsat;0,95;8;0,019899999999999918;0,0040000000000000036;0,14279999999999993;0,0007000000000000339;0,11019999999999996;0,19999999999999996;0,01650000000000007;0,0006999999999999229
landsat;0,95;9;0,019899999999999918;0,0040000000000000036;0,16599999999999993;0,006800000000000028;0,10309999999999997;0,25449999999999995;0,019100000000000006;0,00039999999999995595
mnist_1;0,05;0;0,6241;0,060899999999999996;0,04239999999999999;0,005700000000000004;0,05;0,32180000000000003;0,9398;0,019000000000000003
mnist_1;0,05;1;0,05;0,05;0,0752;0,034;0,05;0,2811;0,236;0,027200000000000002
mnist_1;0,05;2;0,05;0,05;0,2587;0,0615;0,05;0,3482;0,266;0,011099999999999999
mnist_1;0,05;3;0,05;0,05;0,0271;0,0307;0,05;0,2816;0,23100000000000004;0,016800000000000002
mnist_1;0,05;4;0,6596;0,0657;0,07809999999999999;0,0688;0,05;0,3195;0,29100000000000004;0,0339
mnist_1;0,05;5;0,5491999999999999;0,1143;0,2979;0,0542;0,05;0,38580000000000003;0,422;0,030799999999999994
mnist_1;0,05;6;0,5002;0,050199999999999995;0,131;0,00020000000000000573;0,05;0,2876;0,9219999999999999;0,0020000000000000018
mnist_1;0,05;7;0,05;0,05;0,05109999999999999;0,0388;0,05;0,2768;0,277;0,020700000000000003
mnist_1;0,05;8;0,05;0,05;0,1899;0,2891;0,05;0,30870000000000003;0,867;0,1335
mnist_1;0,05;9;0,6414;0,0652;0,0509;0,2218;0,05;0,31930000000000003;0,8939999999999999;0,0286
mnist_1;0,25;0;0,004300000000000026;0,12040000000000001;0,0494;0,0577;0,2281;0,1789;0,722;0,05560000000000001
mnist_1;0,25;1;0,016900000000000026;0,0986;0,02310000000000001;0,027200000000000002;0,2102;0,22749999999999998;0,16799999999999998;0,009300000000000003
mnist_1;0,25;2;0,0368;0,057499999999999996;0,08129999999999998;0,006199999999999983;0,2124;0,2691;0,252;0,006199999999999983
mnist_1;0,25;3;0,04299999999999998;0,08760000000000001;0,009800000000000003;0,01419999999999999;0,2066;0,2479;0,15600000000000003;0,0131
mnist_1;0,25;4;0,0529;0,0504;0,08479999999999999;0,015199999999999991;0,2051;0,26139999999999997;0,685;0,02679999999999999
mnist_1;0,25;5;0,08700000000000002;0,08049999999999999;0,0242;0,12090000000000001;0,1756;0,27090000000000003;0,172;0,01429999999999998
mnist_1;0,25;6;0,0398;0,0504;0,04570000000000002;0,09000000000000002;0,1794;0,235;0,21100000000000002;0,37639999999999996
mnist_1;0,25;7;0,0398;0,060200000000000004;0,07790000000000002;0,07440000000000002;0,1925;0,2486;0,202;0,016999999999999987
mnist_1;0,25;8;0,192;0,1351;0,017600000000000005;0,1516;0,2289;0,23149999999999998;0,734;0,027200000000000002
mnist_1;0,25;9;0,05980000000000002;0,0826;0,029600000000000015;0,0247;0,2047;0,2378;0,672;0,0126
mnist_1;0,5;0;0,09150000000000003;0,1149;0,03410000000000002;0,021600000000000008;0,23349999999999999;0,13349999999999995;0,134;0,017799999999999983
mnist_1;0,5;1;0,09150000000000003;0,1357;0,02300000000000002;0,09819999999999995;0,2289;0,14790000000000003;0,08299999999999996;0,010000000000000009
mnist_1;0,5;2;0,06519999999999998;0,09760000000000002;0,0009000000000000119;0,04299999999999998;0,22610000000000002;0,13770000000000004;0,07399999999999995;0,0262
mnist_1;0,5;3;0,0721;0,10360000000000003;0,06420000000000003;0,030299999999999994;0,173;0,1663;0,4234;0,026800000000000046
mnist_1;0,5;4;0,08529999999999999;0,12030000000000002;0,018799999999999983;0,03710000000000002;0,2303;0,12829999999999997;0,05500000000000005;0,030100000000000016
mnist_1;0,5;5;0,0721;0,09760000000000002;0,03620000000000001;0,02739999999999998;0,2047;0,14249999999999996;0,129;0,005800000000000027
mnist_1;0,5;6;0,057999999999999996;0,07879999999999998;0,01429999999999998;0,0008000000000000229;0,20679999999999998;0,13870000000000005;0,14700000000000002;0,011400000000000021
mnist_1;0,5;7;0,057999999999999996;0,09760000000000002;0,05249999999999999;0,020799999999999985;0,2027;0,1431;0,16100000000000003;0,019899999999999973
mnist_1;0,5;8;0,05070000000000002;0,07879999999999998;0,0039000000000000146;0,10799999999999998;0,2153;0,1614;0,15000000000000002;0,0131
mnist_1;0,5;9;0,05070000000000002;0,09760000000000002;0,006900000000000017;0,0017000000000000348;0,1815;0,1603;0,47819999999999996;0,0019000000000000128
mnist_1;0,75;0;0,12290000000000001;0,10799999999999998;0,012700000000000045;0,01849999999999996;0,20079999999999998;0,054200000000000026;0,22709999999999997;0,01419999999999999
mnist_1;0,75;1;0,12290000000000001;0,10799999999999998;0,005900000000000016;0,013700000000000045;0,1896;0,049000000000000044;0,04600000000000004;0,011600000000000055
mnist_1;0,75;2;0,12290000000000001;0,10799999999999998;0,012800000000000034;0,05600000000000005;0,1905;0,058599999999999985;0,06999999999999995;0,0131
mnist_1;0,75;3;0,09230000000000005;0,07589999999999997;0,01759999999999995;0,03700000000000003;0,1622;0,05459999999999998;0,24260000000000004;0,010700000000000043
mnist_1;0,75;4;0,12290000000000001;0,10799999999999998;0,010000000000000009;0,010700000000000043;0,16180000000000005;0,05279999999999996;0,12009999999999998;0,013900000000000023
mnist_1;0,75;5;0,10799999999999998;0,09230000000000005;0,0008000000000000229;0,008600000000000052;0,16600000000000004;0,054200000000000026;0,23199999999999998;0,018399999999999972
mnist_1;0,75;6;0,12290000000000001;0,09230000000000005;0,0007000000000000339;0,023700000000000054;0,1743;0,06289999999999996;0,04500000000000004;0,0012999999999999678
mnist_1;0,75;7;0,12290000000000001;0,10799999999999998;0,012399999999999967;9,999999999998899e-05;0,1754;0,05879999999999996;0,22740000000000005;0,0040999999999999925
mnist_1;0,75;8;0,10799999999999998;0,09230000000000005;0,0050000000000000044;0,006199999999999983;0,16059999999999997;0,058499999999999996;0,1109;0,0032999999999999696
mnist_1;0,75;9;0,1372;0,12290000000000001;0,007499999999999951;0,012499999999999956;0,19299999999999995;0,04259999999999997;0,01100000000000001;0,007499999999999951
mnist_1;0,95;0;0,1795;0,10719999999999996;0,09139999999999993;0,0020000000000000018;0,14269999999999994;0,24159999999999993;0,020400000000000085;0,005599999999999938
mnist_1;0,95;1;0,15679999999999994;0,10719999999999996;0,05740000000000001;0,009699999999999931;0,1499999999999999;0,19199999999999995;0,017300000000000093;0,012199999999999989
mnist_1;0,95;2;0,1795;0,10719999999999996;0,10209999999999997;0,0014999999999999458;0,1431;0,2531;0,019100000000000006;0,00539999999999996
mnist_1;0,95;3;0,15679999999999994;0,10719999999999996;0,0686;0,0008999999999999009;0,13419999999999999;0,21499999999999997;0,017900000000000027;0,0030000000000000027
mnist_1;0,95;4;0,1795;0,10719999999999996;0,0947;0,0020000000000000018;0,13079999999999992;0,20499999999999996;0,014500000000000068;0,009099999999999997
mnist_1;0,95;5;0,1795;0,10719999999999996;0,05599999999999994;0,006199999999999983;0,12429999999999997;0,20599999999999996;0,017800000000000038;0,00759999999999994
mnist_1;0,95;6;0,1795;0,10719999999999996;0,132;0,011600000000000055;0,14589999999999992;0,247;0,02740000000000009;0,012900000000000023
mnist_1;0,95;7;0,1795;0,10719999999999996;0,0938;0,0036999999999999256;0,1389999999999999;0,27859999999999996;0,022199999999999998;0,007199999999999984
mnist_1;0,95;8;0,15679999999999994;0,07999999999999996;0,06299999999999994;0,0038999999999999035;0,12769999999999992;0,1902999999999999;0,022800000000000042;0,0009000000000000119
mnist_1;0,95;9;0,1795;0,13279999999999992;0,07999999999999996;0,006099999999999994;0,14849999999999997;0,21849999999999992;0,01430000000000009;0,008499999999999952
mnist_2;0,05;0;0,5628;0,0896;0,0823;0,012999999999999998;0,05;0,3401;0,392;0,010799999999999997
mnist_2;0,05;1;0,6596;0,0841;0,24380000000000002;0,1894;0,05;0,3728;0,397;0,15539999999999998
mnist_2;0,05;2;0,05;0,05;0,032299999999999995;0,035;0,05;0,30360000000000004;0,876;0,047
mnist_2;0,05;3;0,6414;0,11739999999999999;0,0353;0,025700000000000004;0,05;0,319;0,867;0,007599999999999996
mnist_2;0,05;4;0,6241;0,12499999999999999;0,057800000000000004;0,041800000000000004;0,05;0,3494;0,366;0,041999999999999996
mnist_2;0,05;5;0,05;0,05;0,07740000000000001;0,0001999999999999988;0,05;0,3401;0,40700000000000003;0,016299999999999995
mnist_2;0,05;6;0,5628;0,08819999999999999;0,0739;0,0349;0,05;0,35760000000000003;0,402;0,0567
mnist_2;0,05;7;0,6076999999999999;0,11839999999999999;0,0683;0,0556;0,05;0,312;0,325;0,0121
mnist_2;0,05;8;0,592;0,1385;0,19479999999999997;0,07559999999999999;0,05;0,3896;0,358;0,02779999999999999
mnist_2;0,05;9;0,6596;0,1153;0,1522;0,0493;0,05;0,35200000000000004;0,317;0,0436
mnist_2;0,25;0;0,24020000000000002;0,04299999999999998;0,013600000000000001;0,06989999999999999;0,25;0,2289;0,29900000000000004;0,07400000000000001
mnist_2;0,25;1;0,3117;0,07090000000000002;0,06309999999999999;0,029000000000000026;0,2028;0,30100000000000005;0,599;0,01899999999999999
mnist_2;0,25;2;0,2314;0,08700000000000002;0,059099999999999986;0,02589999999999998;0,25;0,2672;0,271;0,035
mnist_2;0,25;3;0,3002;0,0912;0,04150000000000001;0,06889999999999999;0,25;0,2267;0,643;0,058499999999999996
mnist_2;0,25;4;0,26849999999999996;0,10010000000000002;0,031299999999999994;0,026600000000000013;0,2454;0,2741;0,22099999999999997;0,02729999999999999
mnist_2;0,25;5;0,3002;0,11930000000000002;0,015600000000000003;0,007599999999999996;0,25;0,2673;0,30200000000000005;0,0010999999999999899
mnist_2;0,25;6;0,2892;0,07869999999999999;0,02510000000000001;0,0416;0,25;0,257;0,29800000000000004;0,03900000000000001
mnist_2;0,25;7;0,26849999999999996;0,07479999999999998;0,01050000000000001;0,059599999999999986;0,25;0,26549999999999996;0,245;0,0547
mnist_2;0,25;8;0,24930000000000002;0,10470000000000002;0,0648;0,03520000000000001;0,25;0,2424;0,31200000000000006;0,05260000000000001
mnist_2;0,25;9;0,3002;0,07869999999999999;0,021199999999999997;0,06359999999999999;0,25;0,23049999999999998;0,23099999999999998;0,06059999999999999
mnist_2;0,5;0;0,08609999999999995;0,11280000000000001;0,0011999999999999789;0,021799999999999986;0,2385;0,17669999999999997;0,18700000000000006;0,03320000000000001
mnist_2;0,5;1;0,06169999999999998;0,11280000000000001;0,00880000000000003;0,02080000000000004;0,2529;0,1785;0,46799999999999997;0,011199999999999988
mnist_2;0,5;2;0,07369999999999999;0,11280000000000001;0,021100000000000008;0,008699999999999986;0,2254;0,16349999999999998;0,11599999999999999;0,008599999999999997
mnist_2;0,5;3;0,07369999999999999;0,11280000000000001;0,018100000000000005;0,010599999999999998;0,2756;0,17779999999999996;0,19099999999999995;0,03460000000000002
mnist_2;0,5;4;0,05020000000000002;0,09919999999999995;0,0004999999999999449;0,011299999999999977;0,27959999999999996;0,1532;0,4919;0,0232
mnist_2;0,5;5;0,05070000000000002;0,1357;0,008099999999999996;0,2027;0,2988;0,14329999999999998;0,19699999999999995;0,016000000000000014
mnist_2;0,5;6;0,027000000000000024;0,1149;0,03259999999999996;0,017400000000000027;0,27090000000000003;0,17500000000000004;0,15200000000000002;0,03970000000000001
mnist_2;0,5;7;0,05020000000000002;0,09919999999999995;0,022299999999999986;0,0014999999999999458;0,2686;0,16900000000000004;0,483;0,03970000000000001
mnist_2;0,5;8;0,08609999999999995;0,1271;0,017100000000000004;0,02779999999999999;0,2898;0,15169999999999995;0,16300000000000003;0,040600000000000025
mnist_2;0,5;9;0,06169999999999998;0,08609999999999995;0,02100000000000002;0,021199999999999997;0,2476;0,1642;0,15100000000000002;0,029200000000000004
mnist_2;0,75;0;0,09230000000000005;0,10799999999999998;0,00019999999999997797;0,01849999999999996;0,21309999999999996;0,06699999999999995;0,14700000000000002;0,020199999999999996
mnist_2;0,75;1;0,09230000000000005;0,12290000000000001;0,0033999999999999586;0,031399999999999983;0,23770000000000002;0,05449999999999999;0,06999999999999995;0,021599999999999953
mnist_2;0,75;2;0,07589999999999997;0,09230000000000005;0,024700000000000055;0,0004999999999999449;0,20140000000000002;0,07750000000000001;0,14339999999999997;0,0041999999999999815
mnist_2;0,75;3;0,09230000000000005;0,12290000000000001;0,020100000000000007;0,03380000000000005;0,2559;0,050000000000000044;0,03200000000000003;0,02839999999999998
mnist_2;0,75;4;0,07589999999999997;0,09230000000000005;0,0010000000000000009;0,010499999999999954;0,1987;0,06720000000000004;0,15839999999999999;0,010099999999999998
mnist_2;0,75;5;0,07589999999999997;0,10799999999999998;0,008499999999999952;0,024599999999999955;0,24129999999999996;0,05449999999999999;0,07299999999999995;0,03259999999999996
mnist_2;0,75;6;0,10799999999999998;0,12290000000000001;0,03080000000000005;0,031000000000000028;0,24339999999999995;0,04749999999999999;0,07499999999999996;0,01649999999999996
mnist_2;0,75;7;0,09230000000000005;0,1372;0,013800000000000034;0,018199999999999994;0,21640000000000004;0,058499999999999996;0,2016;0,02190000000000003
mnist_2;0,75;8;0,0009000000000000119;0,0928;0,009299999999999975;0,0023999999999999577;0,21789999999999998;0,060899999999999954;0,22309999999999997;0,03190000000000004
mnist_2;0,75;9;0,10799999999999998;0,1372;0,035800000000000054;0,020000000000000018;0,24270000000000003;0,04139999999999999;0,17500000000000004;0,04459999999999997
mnist_2;0,95;0;0,10719999999999996;0,07999999999999996;0,10009999999999997;0,0022999999999999687;0,1866;0,3187;0,026600000000000068;0,008199999999999985
mnist_2;0,95;1;0,95;0,95;0,09349999999999992;0,000200000000000089;0,16079999999999994;0,21099999999999997;0,022600000000000064;0,00649999999999995
mnist_2;0,95;2;0,13279999999999992;0,07999999999999996;0,06729999999999992;0,0020000000000000018;0,15999999999999992;0,2532;0,027000000000000024;0,0024000000000000687
mnist_2;0,95;3;0,050999999999999934;0,049000000000000044;0,08989999999999998;0,010000000000000009;0,1963999999999999;0,23439999999999994;0,02729999999999999;0,011299999999999977
mnist_2;0,95;4;0,050999999999999934;0,049000000000000044;0,05109999999999992;0,0030999999999999917;0,17359999999999998;0,28159999999999996;0,027800000000000047;0,01529999999999998
mnist_2;0,95;5;0,13279999999999992;0,10719999999999996;0,1348999999999999;0,0021999999999999797;0,17399999999999993;0,27949999999999997;0,025900000000000034;0,0015999999999999348
mnist_2;0,95;6;0,13279999999999992;0,10719999999999996;0,07879999999999998;0,01200000000000001;0,1866;0,22129999999999994;0,026000000000000023;0,01200000000000001
mnist_2;0,95;7;0,95;0,95;0,06929999999999992;0,0020000000000000018;0,16099999999999992;0,31589999999999996;0,0242;0,0020000000000000018
mnist_2;0,95;8;0,95;0,95;0,08799999999999997;0,0046999999999999265;0,16789999999999994;0,27469999999999994;0,02080000000000004;0,009099999999999997
mnist_2;0,95;9;0,050999999999999934;0,049000000000000044;0,0895999999999999;0,008299999999999974;0,1945;0,26039999999999996;0,0243000000000001;0,009099999999999997
mnist_3;0,05;0;0,05;0,05;0,0634;0,004300000000000005;0,05;0,3116;0,307;0,011999999999999997
mnist_3;0,05;1;0,47869999999999996;0,15889999999999999;0,067;0,0262;0,05;0,3246;0,295;0,028700000000000003
mnist_3;0,05;2;0,05;0,05;0,0364;0,028200000000000003;0,05;0,3309;0,302;0,016300000000000002
mnist_3;0,05;3;0,05;0,05;0,1558;0,021400000000000002;0,05;0,3309;0,388;0,004700000000000003
mnist_3;0,05;4;0,05;0,05;0,1241;0,00020000000000000573;0,05;0,2974;0,875;0,014600000000000002
mnist_3;0,05;5;0,47869999999999996;0,11739999999999999;0,02439999999999999;0,040600000000000004;0,05;0,2864;0,9009999999999999;0,0296
mnist_3;0,05;6;0,592;0,11239999999999999;0,1133;0,5122;0,05;0,34240000000000004;0,9289999999999999;0,0378
mnist_3;0,05;7;0,44020000000000004;0,16560000000000002;0,1362;0,319;0,05;0,3627;0,9049999999999999;0,03169999999999999
mnist_3;0,05;8;0,46849999999999997;0,0989;0,02099999999999999;0,193;0,05;0,311;0,9390999999999999;0,3321
mnist_3;0,05;9;0,392;0,1824;0,11189999999999999;0,112;0,05;0,35710000000000003;0,40700000000000003;0,111
mnist_3;0,25;0;0,07869999999999999;0,0986;0,08510000000000001;0,030200000000000005;0,2172;0,26439999999999997;0,30300000000000005;0,007699999999999985
mnist_3;0,25;1;0,17120000000000002;0,07090000000000002;0,00030000000000002247;0,005599999999999994;0,2142;0,2439;0,43999999999999995;0,011699999999999988
mnist_3;0,25;2;0,20689999999999997;0,0912;0,02250000000000002;0,015600000000000003;0,2243;0,26239999999999997;0,257;0,011800000000000005
mnist_3;0,25;3;0,019500000000000017;0,0905;0,013500000000000012;0,025900000000000006;0,2059;0,25749999999999995;0,262;0,028700000000000003
mnist_3;0,25;4;0,0368;0,11249999999999999;0,006599999999999995;0,029599999999999987;0,2446;0,2489;0,249;0,022999999999999993
mnist_3;0,25;5;0,030799999999999994;0,1059;0,011199999999999988;0,03340000000000001;0,2309;0,22799999999999998;0,20400000000000001;0,033
mnist_3;0,25;6;0,004300000000000026;0,11249999999999999;0,003400000000000014;0,029799999999999993;0,218;0,2355;0,18;0,02360000000000001
mnist_3;0,25;7;0,20689999999999997;0,08279999999999998;0,08360000000000001;0,018699999999999994;0,2144;0,278;0,704;0,0005000000000000004
mnist_3;0,25;8;0,03370000000000001;0,0933;0,032799999999999996;0,034399999999999986;0,232;0,2669;0,269;0,0262
mnist_3;0,25;9;0,1647;0,14639999999999997;0,028700000000000003;0,0358;0,2296;0,2552;0,197;0,01680000000000001
mnist_3;0,5;0;0,06519999999999998;0,1149;0,013499999999999956;0,0029000000000000137;0,20639999999999997;0,13329999999999997;0,11399999999999999;0,0019000000000000128
mnist_3;0,5;1;0,08609999999999995;0,11280000000000001;0,08630000000000004;0,03169999999999995;0,1683;0,17210000000000003;0,2772;0,02400000000000002
mnist_3;0,5;2;0,05020000000000002;0,09919999999999995;0,02410000000000001;0,020000000000000018;0,2016;0,16080000000000005;0,10999999999999999;0,028299999999999992
mnist_3;0,5;3;0,05070000000000002;0,10930000000000001;0,024700000000000055;0,007699999999999985;0,19479999999999997;0,14749999999999996;0,125;0,0042999999999999705
mnist_3;0,5;4;0,05070000000000002;0,10930000000000001;0,02939999999999998;0,0023000000000000242;0,19290000000000002;0,1542;0,20399999999999996;0,015100000000000002
mnist_3;0,5;5;0,07879999999999998;0,13069999999999998;0,033399999999999985;0,011299999999999977;0,19180000000000003;0,13380000000000003;0,07699999999999996;0,018899999999999972
mnist_3;0,5;6;0,06519999999999998;0,13069999999999998;0,018299999999999983;0,020699999999999996;0,22560000000000002;0,14659999999999995;0,06699999999999995;0,030000000000000027
mnist_3;0,5;7;0,08529999999999999;0,12030000000000002;0,016599999999999948;0,029799999999999993;0,187;0,1341;0,10099999999999998;0,03610000000000002
mnist_3;0,5;8;0,0721;0,1149;0,009199999999999986;0,03699999999999998;0,18669999999999998;0,15249999999999997;0,052000000000000046;0,02460000000000001
mnist_3;0,5;9;0,06519999999999998;0,10930000000000001;0,02479999999999999;0,04610000000000003;0,2238;0,16559999999999997;0,14800000000000002;0,035999999999999976
mnist_3;0,75;0;0,12290000000000001;0,12290000000000001;0,006000000000000005;0,017299999999999982;0,18469999999999998;0,05030000000000001;0,07399999999999995;0,016000000000000014
mnist_3;0,75;1;0,020499999999999963;0,06720000000000004;0,0041999999999999815;0,0040000000000000036;0,1614;0,06589999999999996;0,09799999999999998;0,020399999999999974
mnist_3;0,75;2;0,0009000000000000119;0,06720000000000004;0,011199999999999988;0,0016000000000000458;0,17149999999999999;0,05920000000000003;0,09299999999999997;0,11570000000000003
mnist_3;0,75;3;0,10799999999999998;0,10799999999999998;0,008600000000000052;0,009000000000000008;0,1593;0,060799999999999965;0,09830000000000005;0,013299999999999979
mnist_3;0,75;4;0,0009000000000000119;0,043200000000000016;0,005900000000000016;0,008900000000000019;0,14849999999999997;0,06540000000000001;0,07189999999999996;0,0020000000000000018
mnist_3;0,75;5;0,0009000000000000119;0,043200000000000016;0,012299999999999978;0,005499999999999949;0,15439999999999998;0,0605;0,061000000000000054;0,006800000000000028
mnist_3;0,75;6;0,0009000000000000119;0,043200000000000016;0,011199999999999988;0,014900000000000024;0,1875;0,04810000000000003;0,05700000000000005;0,008499999999999952
mnist_3;0,75;7;0,021199999999999997;0,043200000000000016;0,013800000000000034;0,0004999999999999449;0,1845;0,05620000000000003;0,05800000000000005;0,0006000000000000449
mnist_3;0,75;8;0,0009000000000000119;0,06720000000000004;0,023599999999999954;0,015599999999999947;0,16910000000000003;0,05510000000000004;0,07399999999999995;0,008499999999999952
mnist_3;0,75;9;0,0009000000000000119;0,06720000000000004;0,010399999999999965;0,01959999999999995;0,1905;0,04139999999999999;0,013000000000000012;0,019299999999999984
mnist_3;0,95;0;0,019899999999999918;0,049000000000000044;0,04389999999999994;0,005599999999999938;0,13419999999999999;0,22609999999999997;0,016300000000000092;0,006399999999999961
mnist_3;0,95;1;0,019899999999999918;0,049000000000000044;0,06989999999999996;0,011099999999999999;0,15079999999999993;0,1896;0,014600000000000057;0,011099999999999999
mnist_3;0,95;2;0,019899999999999918;0,049000000000000044;0,09319999999999995;0,0031999999999999806;0,1409999999999999;0,3193999999999999;0,022700000000000053;0,0028999999999999027
mnist_3;0,95;3;0,019899999999999918;0,049000000000000044;0,11829999999999996;0,000500000000000056;0,12739999999999996;0,2046;0,018199999999999994;0,00040000000000006697
mnist_3;0,95;4;0,019899999999999918;0,049000000000000044;0,0837;0,006000000000000005;0,14639999999999997;0,24129999999999996;0,017300000000000093;0,01189999999999991
mnist_3;0,95;5;0,019899999999999918;0,049000000000000044;0,06399999999999995;0,0010999999999999899;0,12969999999999993;0,23019999999999996;0,016000000000000014;0,0023999999999999577
mnist_3;0,95;6;0,019899999999999918;0,049000000000000044;0,07009999999999994;0,0010000000000000009;0,15799999999999992;0,2701;0,025800000000000045;0,0008999999999999009
mnist_3;0,95;7;0,019899999999999918;0,049000000000000044;0,046699999999999964;0,0039000000000000146;0,14679999999999993;0,22129999999999994;0,027700000000000058;0,007600000000000051
mnist_3;0,95;8;0,019899999999999918;0,049000000000000044;0,08829999999999993;0,0011999999999999789;0,12249999999999994;0,21429999999999993;0,017400000000000082;0,0017999999999999128
mnist_3;0,95;9;0,019899999999999918;0,049000000000000044;0,10609999999999997;0,000500000000000056;0,15189999999999992;0,22529999999999994;0,0233000000000001;9,999999999998899e-05
mushroom;0,05;0;0,5491999999999999;0,05009999999999999;0,10659999999999999;0,0456;0,05;0,06079999999999999;0,059;0,0476
mushroom;0,05;1;0,7204999999999999;0,29100000000000004;0,19629999999999997;0,034600000000000006;0,05;0,0432;0,049;0,0349
mushroom;0,05;2;0,5002;0,0765;0,24180000000000001;0,021500000000000002;0,05;0,07889999999999998;0,046;0,037500000000000006
mushroom;0,05;3;0,423;0,1844;0,23770000000000002;0,014799999999999994;0,031100000000000003;0,16749999999999998;0,1396;0,0063
mushroom;0,05;4;0,6788;0,1588;0,24720000000000003;0,037200000000000004;0,05;0,0741;0,048;0,037500000000000006
mushroom;0,05;5;0,7204999999999999;0,38580000000000003;0,17020000000000002;0,024600000000000004;0,05;0,0648;0,026000000000000002;0,038700000000000005
mushroom;0,05;6;0,849;0,334;0,0402;0,0379;0,049600000000000005;0,057499999999999996;0,0402;0,0345
mushroom;0,05;7;0,46849999999999997;0,0674;0,17559999999999998;0,08120000000000001;0,05;0,1128;0,009000000000000001;0,024300000000000002
mushroom;0,05;8;0,6990999999999999;0,3284;0,15449999999999997;0,005999999999999998;0,0421;0,0914;0,08600000000000001;0,0075
mushroom;0,05;9;0,6788;0,29100000000000004;0,2846;0,0429;0,05;0,0174;0,0213;0,0403
mushroom;0,25;0;0,15239999999999998;0,066;0,047099999999999975;0,021699999999999997;0,13269999999999998;0,14500000000000002;0,066;0,002799999999999997
mushroom;0,25;1;0,22299999999999998;0,0887;0,07040000000000002;0,0058;0,15339999999999998;0,13019999999999998;0,11599999999999999;0,005400000000000016
mushroom;0,25;2;0,17120000000000002;0,09549999999999997;0,12219999999999998;0,009000000000000008;0,1285;0,11780000000000002;0,026000000000000023;0,010099999999999998
mushroom;0,25;3;0,08279999999999998;0,042700000000000016;0,067;0,0489;0,0839;0,20350000000000001;0,11599999999999999;0,02679999999999999
mushroom;0,25;4;0,2314;0,0801;0,041200000000000014;0,0006999999999999784;0,1041;0,17409999999999998;0,03699999999999998;0,004599999999999993
mushroom;0,25;5;0,2148;0,10260000000000002;0,03899999999999998;0,0032000000000000084;0,12209999999999999;0,1467;0,061;0,02689999999999998
mushroom;0,25;6;0,002700000000000008;0,036000000000000004;0,04370000000000002;9,999999999998899e-05;0,14179999999999998;0,1089;0,08100000000000002;0,006799999999999973
mushroom;0,25;7;0,1647;0,09789999999999999;0,12140000000000001;0,011099999999999999;0,12129999999999999;0,17909999999999998;0,07800000000000001;0,00839999999999999
mushroom;0,25;8;0,019500000000000017;0,013500000000000012;0,11130000000000001;0,02250000000000002;0,1172;0,15389999999999998;0,043999999999999984;0,03160000000000002
mushroom;0,25;9;0,1779;0,044399999999999995;0,027700000000000002;0,019800000000000012;0,157;0,1195;0,08800000000000002;0,022299999999999986
mushroom;0,5;0;0,07369999999999999;0,08989999999999998;0,04579999999999995;0,005199999999999982;0,1264;0,09750000000000003;0,05300000000000005;0,0031999999999999806
mushroom;0,5;1;0,027000000000000024;0,019699999999999995;0,04630000000000001;0,0020999999999999908;0,09310000000000002;0,11529999999999996;0,040000000000000036;0,00940000000000002
mushroom;0,5;2;0,008700000000000041;0,02410000000000001;0,04300000000000004;0,0017000000000000348;0,11969999999999997;0,08760000000000001;0,11099999999999999;0,0034999999999999476
mushroom;0,5;3;0,03920000000000001;0,04630000000000001;0,0514;0,02290000000000003;0,10930000000000001;0,10760000000000003;0,04800000000000004;0,01050000000000001
mushroom;0,5;4;0,027000000000000024;0,02410000000000001;0,006500000000000006;0,019000000000000017;0,09599999999999997;0,10040000000000004;0,06000000000000005;9,999999999998899e-05
mushroom;0,5;5;0,0006999999999999784;0,0010999999999999899;0,0383;0,004400000000000015;0,11020000000000002;0,09899999999999998;0,04400000000000004;0,006599999999999995
mushroom;0,5;6;0,018600000000000005;0,015199999999999991;0,03280000000000005;0,015100000000000002;0,0947;0,11099999999999999;0,18710000000000004;0,013900000000000023
mushroom;0,5;7;0,0006999999999999784;0,0010999999999999899;0,03280000000000005;0,007000000000000006;0,12190000000000001;0,09840000000000004;0,03200000000000003;0,008000000000000007
mushroom;0,5;8;0,018600000000000005;0,010599999999999998;0,04749999999999999;0,007799999999999974;0,137;0,07850000000000001;0,06499999999999995;0,011299999999999977
mushroom;0,5;9;0,05020000000000002;0,08320000000000005;0,012299999999999978;0,016900000000000026;0,10060000000000002;0,09930000000000005;0,019000000000000017;0,019899999999999973
mushroom;0,75;0;0,0009000000000000119;0,01419999999999999;0,017199999999999993;0,0039000000000000146;0,10199999999999998;0,028200000000000003;0,03200000000000003;0,0007000000000000339
mushroom;0,75;1;0,0009000000000000119;0,01419999999999999;0,012700000000000045;0,0020000000000000018;0,07699999999999996;0,036699999999999955;0,04300000000000004;0,0048000000000000265
mushroom;0,75;2;0,0009000000000000119;0,01419999999999999;0,02729999999999999;0,009000000000000008;0,0797;0,041100000000000025;0,009000000000000008;0,008000000000000007
mushroom;0,75;3;0,0009000000000000119;0,025699999999999945;0,02739999999999998;0,0018000000000000238;0,09389999999999998;0,035800000000000054;0,02300000000000002;0,007399999999999962
mushroom;0,75;4;0,021199999999999997;0,00770000000000004;0,023499999999999965;0,0020999999999999908;0,08389999999999997;0,03090000000000004;0,01200000000000001;0,005900000000000016
mushroom;0,75;5;0,0009000000000000119;0,01419999999999999;0,03539999999999999;0,005600000000000049;0,10450000000000004;0,03200000000000003;0,027000000000000024;0,007000000000000006
mushroom;0,75;6;0,0009000000000000119;0,025699999999999945;0,023399999999999976;0,0016000000000000458;0,0685;0,05010000000000003;0,16100000000000003;0,0031999999999999806
mushroom;0,75;7;0,0009000000000000119;0,025699999999999945;0,016800000000000037;0,0042999999999999705;0,0817;0,029000000000000026;0,0040000000000000036;0,00539999999999996
mushroom;0,75;8;0,0009000000000000119;0,0030999999999999917;0,016800000000000037;0,006399999999999961;0,1068;0,023399999999999976;0,026000000000000023;0,008499999999999952
mushroom;0,75;9;0,0009000000000000119;0,0030999999999999917;0,015700000000000047;0,0050000000000000044;0,1049;0,015800000000000036;0,03700000000000003;0,006299999999999972
mushroom;0,95;0;0,01330000000000009;0,013600000000000056;0,11319999999999997;0,0019000000000000128;0,04259999999999997;0,41479999999999995;0,020100000000000007;0,0016000000000000458
mushroom;0,95;1;0,01330000000000009;0,013600000000000056;0,11339999999999995;0,0050000000000000044;0,05269999999999997;0,95;0,02760000000000007;0,005099999999999993
mushroom;0,95;2;0,019899999999999918;0,0040000000000000036;0,17959999999999998;0,000500000000000056;0,048699999999999966;0,7056;0,030400000000000094;0,0012000000000000899
mushroom;0,95;3;0,01330000000000009;0,013600000000000056;0,13629999999999998;0,0049000000000000155;0,05919999999999992;0,8825;0,04200000000000004;0,0047000000000000375
mushroom;0,95;4;0,019899999999999918;0,013600000000000056;0,10159999999999991;0,0036000000000000476;0,042099999999999915;0,6682999999999999;0,02210000000000001;0,0023000000000000798
mushroom;0,95;5;0,019899999999999918;0,013600000000000056;0,09489999999999998;0,000300000000000078;0,0665;0,6549;0,039000000000000035;0,0008000000000000229
mushroom;0,95;6;0,01330000000000009;0,013600000000000056;0,05469999999999997;9,999999999998899e-05;0,05729999999999991;0,6908;0,027200000000000002;0,0008000000000000229
mushroom;0,95;7;0,019899999999999918;0,013600000000000056;0,05609999999999993;0,0010999999999999899;0,07079999999999997;0,5620999999999999;0,03500000000000003;0,0010999999999999899
mushroom;0,95;8;0,01330000000000009;0,013600000000000056;0,0895999999999999;0,0018000000000000238;0,055499999999999994;0,4431999999999999;0,02760000000000007;0,0023000000000000798
mushroom;0,95;9;0,019899999999999918;0,013600000000000056;0,08599999999999997;9,999999999998899e-05;0,03639999999999999;0,4901;0,021100000000000008;0,000300000000000078
pageblock;0,05;0;0,6788;0,19779999999999998;0,2162;0,016299999999999995;0,05;0,16549999999999998;0,3;0,016699999999999993
pageblock;0,05;1;0,6596;0,12979999999999997;0,4842;0,084;0,05;0,2591;0,3313;0,0068000000000000005
pageblock;0,05;2;0,6414;0,3312;0,24330000000000002;0,2138;0,04;0,20080000000000003;0,751;0,2378
pageblock;0,05;3;0,7672;0,3398;0,2604;0,016100000000000003;0,05;0,0368;0,038000000000000006;0,004800000000000006
pageblock;0,05;4;0,6414;0,21300000000000002;0,09929999999999999;0,003600000000000006;0,05;0,15489999999999998;0,06799999999999999;0,0015999999999999973
pageblock;0,05;5;0,7204999999999999;0,0946;0,2548;0,0534;0,05;0,10790000000000001;0,039999999999999994;0,044700000000000004
pageblock;0,05;6;0,5116999999999999;0,053099999999999994;0,3048;0,0888;0,05;0,16670000000000001;0,18319999999999997;0,135
pageblock;0,05;7;0,6788;0,05009999999999999;0,7333;0,044500000000000005;0,05;0,23260000000000003;0,029;0,047200000000000006
pageblock;0,05;8;0,6596;0,05009999999999999;0,24220000000000003;0,0006999999999999992;0,05;0,09779999999999998;0,034;0,0228
pageblock;0,05;9;0,82;0,2584;0,13219999999999998;0,0031999999999999945;0,05;0,10429999999999999;0,05;0,011999999999999997
pageblock;0,25;0;0,2314;0,03949999999999998;0,1758;0,033499999999999974;0,2421;0,12480000000000002;0,621;0,041100000000000025
pageblock;0,25;1;0,2892;0,046099999999999974;0,20590000000000003;0,07329999999999998;0,2113;0,1765;0,45099999999999996;0,06719999999999998
pageblock;0,25;2;0,2148;0,0801;0,1899;0,1764;0,1693;0,183;0,7248;0,18669999999999998
pageblock;0,25;3;0,3771;0,10819999999999999;0,029200000000000004;0,10700000000000001;0,25;0,04819999999999999;0,5603;0,124
pageblock;0,25;4;0,3002;0,008000000000000007;0,21200000000000002;0,09300000000000003;0,2363;0,057499999999999996;0,5884;0,0068999999999999895
pageblock;0,25;5;0,40769999999999995;0,04530000000000001;0,10560000000000003;0,008699999999999986;0,25;0,05719999999999997;0,31299999999999994;0,020000000000000018
pageblock;0,25;6;0,22299999999999998;0,12290000000000001;0,17859999999999998;0,1259;0,1615;0,20800000000000002;0,6001;0,10599999999999998
pageblock;0,25;7;0,34919999999999995;0,06570000000000001;0,2001;0,0582;0,2151;0,1421;0,25739999999999996;0,0572
pageblock;0,25;8;0,3117;0,01429999999999998;0,2338;0,0721;0,2379;0,10920000000000002;0,09599999999999997;0,0648
pageblock;0,25;9;0,40769999999999995;0,01880000000000001;0,12369999999999998;0,008699999999999986;0,2002;0,07890000000000003;0,014000000000000012;0,07829999999999998
pageblock;0,5;0;0,08609999999999995;0,05810000000000004;0,1563;0,020000000000000018;0,24980000000000002;0,1199;0,40800000000000003;0,01980000000000004
pageblock;0,5;1;0,08609999999999995;0,04630000000000001;0,027800000000000047;0,06240000000000001;0,27180000000000004;0,11480000000000001;0,28600000000000003;0,01090000000000002
pageblock;0,5;2;0,09919999999999995;0,07669999999999999;0,16210000000000002;0,19520000000000004;0,2294;0,13739999999999997;0,46940000000000004;0,06699999999999995
pageblock;0,5;3;0,05020000000000002;0,0529;0,011699999999999988;0,124;0,4202;0,015500000000000014;0,4839;0,12130000000000002
pageblock;0,5;4;0,11280000000000001;0,05810000000000004;0,10270000000000001;0,06469999999999998;0,3067;0,09350000000000003;0,45599999999999996;0,01959999999999995
pageblock;0,5;5;0,06169999999999998;0,019699999999999995;0,061799999999999966;0,0010999999999999899;0,2888;0,12419999999999998;0,381;0,033299999999999996
pageblock;0,5;6;0,11280000000000001;0,09670000000000001;0,05669999999999997;0,04859999999999998;0,2375;0,15769999999999995;0,46730000000000005;0,09809999999999997
pageblock;0,5;7;0,07369999999999999;0,019699999999999995;0,10270000000000001;0,0232;0,3327;0,09950000000000003;0,276;0,0015999999999999903
pageblock;0,5;8;0,08609999999999995;0,04059999999999997;0,14090000000000003;0,016500000000000015;0,273;0,1521;0,15200000000000002;0,01479999999999998
pageblock;0,5;9;0,17410000000000003;0,052100000000000035;0,04049999999999998;0,0121;0,2569;0,1099;0,06899999999999995;0,006000000000000005
pageblock;0,75;0;0,0009000000000000119;0,00770000000000004;0,020100000000000007;0,0032999999999999696;0,23819999999999997;0,041200000000000014;0,15000000000000002;0,012700000000000045
pageblock;0,75;1;0,043200000000000016;0,025699999999999945;0,0004999999999999449;0,005600000000000049;0,2625;0,03190000000000004;0,2257;0,007199999999999984
pageblock;0,75;2;0,0009000000000000119;0,0030999999999999917;0,043300000000000005;0,04300000000000004;0,24409999999999998;0,05279999999999996;0,24009999999999998;0,04859999999999998
pageblock;0,75;3;0,021199999999999997;0,00770000000000004;0,034399999999999986;0,059699999999999975;0,3003;0,005800000000000027;0,24519999999999997;0,05830000000000002
pageblock;0,75;4;0,020499999999999963;0,00770000000000004;0,02510000000000001;0,0023999999999999577;0,3084;0,007399999999999962;0,22440000000000004;0,060799999999999965
pageblock;0,75;5;0,021199999999999997;0,00770000000000004;0,02949999999999997;0,006800000000000028;0,2566;0,059799999999999964;0,2067;0,00660000000000005
pageblock;0,75;6;0,043200000000000016;0,049699999999999966;0,058499999999999996;0,03749999999999998;0,23450000000000004;0,06659999999999999;0,23929999999999996;0,006900000000000017
pageblock;0,75;7;0,06720000000000004;0,01419999999999999;0,010000000000000009;0,02300000000000002;0,2564;0,03510000000000002;0,18700000000000006;0,028200000000000003
pageblock;0,75;8;0,020499999999999963;0,00770000000000004;0,03290000000000004;0,0030999999999999917;0,2826;0,05589999999999995;0,09399999999999997;0,050899999999999945
pageblock;0,75;9;0,043200000000000016;0,049699999999999966;0,03049999999999997;0,0022999999999999687;0,2594;0,028699999999999948;0,21099999999999997;0,014499999999999957
pageblock;0,95;0;0,019899999999999918;0,013600000000000056;0,08989999999999998;0,008899999999999908;0,13069999999999993;0,1429999999999999;0,016199999999999992;0,008299999999999974
pageblock;0,95;1;0,019899999999999918;0,013600000000000056;0,12309999999999999;0,0031999999999999806;0,1352;0,12309999999999999;0,01550000000000007;0,005299999999999971
pageblock;0,95;2;0,019899999999999918;0,0040000000000000036;0,13029999999999997;0,0047999999999999154;0,14059999999999995;0,15389999999999993;0,017900000000000027;0,00539999999999996
pageblock;0,95;3;0,019899999999999918;0,0040000000000000036;0,05819999999999992;0,020199999999999996;0,1513;0,13169999999999993;0,019400000000000084;0,02399999999999991
pageblock;0,95;4;0,019899999999999918;0,013600000000000056;0,11299999999999999;0,007699999999999929;0,1449999999999999;0,14959999999999996;0,02510000000000001;0,014599999999999946
pageblock;0,95;5;0,019899999999999918;0,013600000000000056;0,0857;0,009000000000000008;0,13779999999999992;0,1431;0,021300000000000097;0,01319999999999999
pageblock;0,95;6;0,019899999999999918;0,013600000000000056;0,09019999999999995;0,008000000000000007;0,14359999999999995;0,1604;0,021600000000000064;0,0
pageblock;0,95;7;0,019899999999999918;0,013600000000000056;0,0925999999999999;0,00029999999999996696;0,13529999999999998;0,15579999999999994;0,028000000000000025;0,0040000000000000036
pageblock;0,95;8;0,019899999999999918;0,0040000000000000036;0,07129999999999992;0,014599999999999946;0,15399999999999991;0,11859999999999993;0,03160000000000007;0,01869999999999994
pageblock;0,95;9;0,019899999999999918;0,013600000000000056;0,06919999999999993;0,006400000000000072;0,1381;0,12819999999999998;0,02950000000000008;0,020199999999999996
shuttle;0,05;0;0,16909999999999997;0,05009999999999999;0,18419999999999997;0,004299999999999998;0,0431;0,079;0,0050000000000000044;0,0029
shuttle;0,05;1;0,11039999999999998;0,05009999999999999;0,2669;0,0040999999999999995;0,043000000000000003;0,061399999999999996;0,044000000000000004;0,0011999999999999997
shuttle;0,05;2;0,06369999999999999;0,05009999999999999;0,1849;0,010499999999999995;0,0334;0,1145;0,09929999999999999;0,010699999999999994
shuttle;0,05;3;0,1285;0,05009999999999999;0,2752;0,000999999999999994;0,0432;0,0348;0,006000000000000005;0,0020999999999999977
shuttle;0,05;4;0,1133;0,09219999999999999;0,22660000000000002;0,0131;0,05;0,0628;0,03;0,015400000000000004
shuttle;0,05;5;0,1622;0,07970000000000001;0,1158;0,011699999999999995;0,034800000000000005;0,054400000000000004;0,0010000000000000009;0,005399999999999995
shuttle;0,05;6;0,0553;0,05009999999999999;0,14400000000000002;0,0023000000000000034;0,0446;0,07959999999999999;0,028999999999999998;0,00030000000000000165
shuttle;0,05;7;0,1674;0,05009999999999999;0,22860000000000003;0,0017000000000000001;0,049600000000000005;0,0344;0,020000000000000004;0,0063
shuttle;0,05;8;0,1321;0,05009999999999999;0,0792;0,007899999999999997;0,0369;0,0705;0,001999999999999995;0,019500000000000003
shuttle;0,05;9;0,1206;0,0962;0,0919;0,007100000000000002;0,041600000000000005;0,06609999999999999;0,049;0,006000000000000005
shuttle;0,25;0;0,1094;0,11499999999999999;0,06259999999999999;0,0010000000000000009;0,03;0,0862;0,016000000000000014;0,02689999999999998
shuttle;0,25;1;0,2314;0,2348;0,11309999999999998;0,009299999999999975;0,043800000000000006;0,1775;0,0050000000000000044;0,0
shuttle;0,25;2;0,03370000000000001;0,03620000000000001;0,03310000000000002;0,0022999999999999965;0,05299999999999999;0,04139999999999999;0,008000000000000007;0,0029000000000000137
shuttle;0,25;3;0,06709999999999999;0,066;0,0998;0,0010000000000000009;0,04239999999999999;0,09339999999999998;0,01100000000000001;0,0015999999999999903
shuttle;0,25;4;0,0529;0,05299999999999999;0,0464;0,004500000000000004;0,061799999999999994;0,04370000000000002;0,02400000000000002;0,03760000000000002
shuttle;0,25;5;0,08279999999999998;0,08650000000000002;0,0469;0,008599999999999997;0,05929999999999999;0,045999999999999985;0,016000000000000014;0,031200000000000006
shuttle;0,25;6;0,030799999999999994;0,03470000000000001;0,1632;0,0015999999999999903;0,05790000000000001;0,07150000000000001;0,0010000000000000009;0,0015999999999999903
shuttle;0,25;7;0,04949999999999999;0,06219999999999998;0,020600000000000007;0,0021999999999999797;0,061700000000000005;0,05780000000000002;0,0020000000000000018;0,001799999999999996
shuttle;0,25;8;0,06340000000000001;0,06409999999999999;0,02639999999999998;0,0029000000000000137;0,07719999999999999;0,10859999999999997;0,01899999999999999;0,0019000000000000128
shuttle;0,25;9;0,019500000000000017;0,021199999999999997;0,13890000000000002;0,0015999999999999903;0,05760000000000001;0,032200000000000006;0,023999999999999994;0,003599999999999992
shuttle;0,5;0;0,05020000000000002;0,07040000000000002;0,01100000000000001;0,006500000000000006;0,04720000000000002;0,03520000000000001;0,006000000000000005;0,005900000000000016
shuttle;0,5;1;0,05020000000000002;0,07669999999999999;0,019399999999999973;0,005400000000000016;0,0383;0,07730000000000004;0,0020000000000000018;0,0252
shuttle;0,5;2;0,05020000000000002;0,05810000000000004;0,02839999999999998;0,0020000000000000018;0,04509999999999997;0,048699999999999966;0,014000000000000012;0,0005999999999999894
shuttle;0,5;3;0,028699999999999948;0,052100000000000035;0,0817;0,0024000000000000132;0,03649999999999998;0,040200000000000014;0,008000000000000007;0,00029999999999996696
shuttle;0,5;4;0,01849999999999996;0,04630000000000001;0,11329999999999996;0,01529999999999998;0,06969999999999998;0,023900000000000032;0,006000000000000005;0,0030999999999999917
shuttle;0,5;5;0,06169999999999998;0,08989999999999998;0,06059999999999999;0,009199999999999986;0,03460000000000002;0,052200000000000024;0,031000000000000028;0,0050000000000000044
shuttle;0,5;6;0,03920000000000001;0,06420000000000003;0,0685;0,010699999999999987;0,0474;0,04259999999999997;0,01200000000000001;0,007599999999999996
shuttle;0,5;7;0,01849999999999996;0,04059999999999997;0,05300000000000005;0,003300000000000025;0,03920000000000001;0,03249999999999997;0,0020000000000000018;0,013800000000000034
shuttle;0,5;8;0,03920000000000001;0,04630000000000001;0,04520000000000002;0,006199999999999983;0,058699999999999974;0,08179999999999998;0,07599999999999996;0,03820000000000001
shuttle;0,5;9;0,03920000000000001;0,05810000000000004;0,13449999999999995;0,006599999999999995;0,054400000000000004;0,043399999999999994;0,017000000000000015;0,0049000000000000155
shuttle;0,75;0;0,0009000000000000119;0,01419999999999999;0,07099999999999995;0,0026000000000000467;0,04239999999999999;0,008700000000000041;0,007000000000000006;0,008199999999999985
shuttle;0,75;1;0,020499999999999963;0,03749999999999998;0,016900000000000026;0,00029999999999996696;0,05059999999999998;0,02300000000000002;0,04300000000000004;0,009499999999999953
shuttle;0,75;2;0,020499999999999963;0,049699999999999966;0,0252;0,005099999999999993;0,05569999999999997;0,008299999999999974;0,008000000000000007;0,0029000000000000137
shuttle;0,75;3;0,020499999999999963;0,06220000000000003;0,03849999999999998;0,005199999999999982;0,03610000000000002;0,011399999999999966;0,01100000000000001;0,005499999999999949
shuttle;0,75;4;0,020499999999999963;0,049699999999999966;0,013800000000000034;0,006800000000000028;0,04500000000000004;0,01849999999999996;0,009000000000000008;0,0027000000000000357
shuttle;0,75;5;0,0009000000000000119;0,01419999999999999;0,050799999999999956;0,0010000000000000009;0,027900000000000036;0,020199999999999996;0,008000000000000007;0,009800000000000031
shuttle;0,75;6;0,020499999999999963;0,049699999999999966;0,0018000000000000238;0,006299999999999972;0,04730000000000001;0,013900000000000023;0,01100000000000001;0,008700000000000041
shuttle;0,75;7;0,020499999999999963;0,03749999999999998;0,02959999999999996;0,006700000000000039;0,03979999999999995;0,020000000000000018;0,0020000000000000018;0,006099999999999994
shuttle;0,75;8;0,0009000000000000119;0,025699999999999945;0,03249999999999997;0,0042999999999999705;0,03859999999999997;0,018000000000000016;0,0050000000000000044;0,008700000000000041
shuttle;0,75;9;0,020499999999999963;0,03749999999999998;0,02949999999999997;0,0043999999999999595;0,04259999999999997;0,01980000000000004;0,0040000000000000036;0,0010999999999999899
shuttle;0,95;0;0,01330000000000009;0,013600000000000056;0,03869999999999996;0,000300000000000078;0,02429999999999999;0,35039999999999993;0,007000000000000006;0,0020000000000000018
shuttle;0,95;1;0,01330000000000009;0,013600000000000056;0,03720000000000001;0,00019999999999997797;0,039999999999999925;0,3747999999999999;0,0020000000000000018;0,0046000000000000485
shuttle;0,95;2;0,01330000000000009;0,013600000000000056;0,1338999999999999;0,0024000000000000687;0,032200000000000006;0,43799999999999994;0,030200000000000005;0,0024000000000000687
shuttle;0,95;3;0,01330000000000009;0,013600000000000056;0,008399999999999963;0,0015000000000000568;0,029999999999999916;0,27149999999999996;0,014000000000000012;0,0038000000000000256
shuttle;0,95;4;0,01330000000000009;0,013600000000000056;0,6784999999999999;0,0017000000000000348;0,037699999999999956;0,45859999999999995;0,034600000000000075;0,0018000000000000238
shuttle;0,95;5;0,01330000000000009;0,013600000000000056;0,40979999999999994;0,0032000000000000917;0,028699999999999948;0,5864;0,0010000000000000009;0,0018000000000000238
shuttle;0,95;6;0,01330000000000009;0,013600000000000056;0,17459999999999998;0,0012000000000000899;0,038999999999999924;0,36439999999999995;0,046600000000000086;0,0023000000000000798
shuttle;0,95;7;0,01330000000000009;0,013600000000000056;0,6829999999999999;0,0034000000000000696;0,02199999999999991;0,5709;0,01200000000000001;0,0033000000000000806
shuttle;0,95;8;0,01330000000000009;0,013600000000000056;0,6116999999999999;0,0022000000000000908;0,028899999999999926;0,6434;0,010000000000000009;0,0032000000000000917
shuttle;0,95;9;0,01330000000000009;0,013600000000000056;0,5264;0,0030000000000000027;0,026899999999999924;0,733;0,02080000000000004;0,0039000000000000146
spambase;0,05;0;0,7928;0,5608;0,579;0,084;0,05;0,19419999999999998;0,08700000000000001;0,0023000000000000034
spambase;0,05;1;0,7928;0,5267;0,334;0,015;0,05;0,027999999999999997;0,028000000000000004;0,006500000000000006
spambase;0,05;2;0,7672;0,5608;0,2369;0,032100000000000004;0,05;0,1042;0,001999999999999995;0,030100000000000002
spambase;0,05;3;0,82;0,6716;0,064;0,0325;0,05;0,058899999999999994;0,045000000000000005;0,029100000000000004
spambase;0,05;4;0,7432;0,5398999999999999;0,0411;0,040900000000000006;0,05;0,09519999999999999;0,027000000000000003;0,0284
spambase;0,05;5;0,7928;0,5608;0,0542;0,0316;0,05;0,061399999999999996;0,027000000000000003;0,030400000000000003
spambase;0,05;6;0,7672;0,4795;0,23610000000000003;0,021300000000000003;0,05;0,0571;0,041;0,011200000000000002
spambase;0,05;7;0,6990999999999999;0,14040000000000002;0,0708;0,027100000000000003;0,05;0,0711;0,007000000000000006;0,025300000000000003
spambase;0,05;8;0,7204999999999999;0,23620000000000002;0,45160000000000006;0,2516;0,05;0,1768;0,074;0,0025000000000000022
spambase;0,05;9;0,7432;0,5021;0,0408;0,010500000000000002;0,05;0,0722;0,033;0,017300000000000003
spambase;0,25;0;0,3002;0,022699999999999998;0,2348;0,0267;0,17270000000000002;0,269;0,22299999999999998;0,03489999999999999
spambase;0,25;1;0,4414;0,0887;0,03210000000000002;0,004599999999999993;0,2111;0,16949999999999998;0,268;0,007000000000000006
spambase;0,25;2;0,24020000000000002;0,061700000000000005;0,09210000000000002;0,022299999999999986;0,1671;0,24509999999999998;0,202;0,030700000000000005
spambase;0,25;3;0,3237;0,08249999999999999;0,02679999999999999;0,0041999999999999815;0,19140000000000001;0,1738;0,14800000000000002;0,0
spambase;0,25;4;0,192;0,0068000000000000005;0,0776;0,02560000000000001;0,18130000000000002;0,21939999999999998;0,187;0,010299999999999976
spambase;0,25;5;0,34919999999999995;0,04930000000000001;0,035500000000000004;0,3207;0,1911;0,1891;0,126;0,024999999999999994
spambase;0,25;6;0,4991;0,02560000000000001;0,0696;0,020199999999999996;0,1978;0,19590000000000002;0,10399999999999998;0,022400000000000003
spambase;0,25;7;0,4788;0,14279999999999998;0,09139999999999998;0,013799999999999979;0,1857;0,20879999999999999;0,20900000000000002;0,008099999999999996
spambase;0,25;8;0,3002;0,0378;0,1745;0,12040000000000001;0,1795;0,2681;0,29700000000000004;0,1149
spambase;0,25;9;0,4991;0,015600000000000003;0,07469999999999999;0,0753;0,2115;0,1356;0,068;0,0721
spambase;0,5;0;0,11280000000000001;0,05810000000000004;0,044300000000000006;0,1149;0,19829999999999998;0,14880000000000004;0,44799999999999995;0,018000000000000016
spambase;0,5;1;0,06169999999999998;0,015199999999999991;0,011099999999999999;0,009500000000000008;0,22870000000000001;0,11709999999999998;0,10899999999999999;0,013500000000000012
spambase;0,5;2;0,05020000000000002;0,03689999999999999;0,04749999999999999;0,010399999999999965;0,22260000000000002;0,137;0,20399999999999996;0,01970000000000005
spambase;0,5;3;0,07369999999999999;0,019699999999999995;0,02100000000000002;0,029000000000000026;0,20500000000000002;0,13980000000000004;0,15200000000000002;0,009000000000000008
spambase;0,5;4;0,06169999999999998;0,005900000000000016;0,02859999999999996;0,02859999999999996;0,18930000000000002;0,15400000000000003;0,16800000000000004;0,02210000000000001
spambase;0,5;5;0,08609999999999995;0,02839999999999998;0,04469999999999996;0,029200000000000004;0,2363;0,10519999999999996;0,119;0,03370000000000001
spambase;0,5;6;0,028699999999999948;0,04099999999999998;0,013000000000000012;0,006900000000000017;0,22310000000000002;0,12980000000000003;0,07999999999999996;0,004300000000000026
spambase;0,5;7;0,05020000000000002;0,02410000000000001;0,03300000000000003;0,00029999999999996696;0,1859;0,13390000000000002;0,10899999999999999;0,010699999999999987
spambase;0,5;8;0,15769999999999995;0,018900000000000028;0,08520000000000005;0,02739999999999998;0,19590000000000002;0,14480000000000004;0,15400000000000003;0,0011999999999999789
spambase;0,5;9;0,01849999999999996;0,11880000000000002;0,020299999999999985;0,0524;0,2374;0,08209999999999995;0,04200000000000004;0,06040000000000001
spambase;0,75;0;0,021299999999999986;0,007800000000000029;0,005800000000000027;0,0035000000000000586;0,15049999999999997;0,04690000000000005;0,16969999999999996;0,015000000000000013
spambase;0,75;1;0,0010000000000000009;0,007800000000000029;0,013900000000000023;0,008299999999999974;0,16510000000000002;0,029000000000000026;0,049900000000000055;0,023299999999999987
spambase;0,75;2;0,0010000000000000009;0,014100000000000001;0,006900000000000017;0,0049000000000000155;0,1583;0,025499999999999967;0,08889999999999998;0,017800000000000038
spambase;0,75;3;0,021299999999999986;0,018299999999999983;0,019299999999999984;0,01990000000000003;0,1674;0,0262;0,04190000000000005;0,020000000000000018
spambase;0,75;4;0,0010000000000000009;0,014100000000000001;0,0353;0,04069999999999996;0,14490000000000003;0,049800000000000066;0,16880000000000006;0,015499999999999958
spambase;0,75;5;0,021299999999999986;0,018299999999999983;0,0009000000000000119;0,011599999999999944;0,1653;0,024700000000000055;0,0029000000000000137;0,010499999999999954
spambase;0,75;6;0,021299999999999986;0,018299999999999983;0,005299999999999971;0,05810000000000004;0,15879999999999994;0,03480000000000005;0,05890000000000006;0,005199999999999982
spambase;0,75;7;0,0010000000000000009;0,007800000000000029;0,007900000000000018;0,0019000000000000128;0,1521;0,03520000000000001;0,16490000000000005;0,0025000000000000577
spambase;0,75;8;0,0010000000000000009;0,014100000000000001;0,0040999999999999925;0,007199999999999984;0,14080000000000004;0,034599999999999964;0,02290000000000003;0,010399999999999965
spambase;0,75;9;0,04049999999999998;0,02849999999999997;9,999999999998899e-05;0,0047000000000000375;0,16149999999999998;0,028200000000000003;0,027900000000000036;0,019299999999999984
spambase;0,95;0;0,01979999999999993;0,0039000000000000146;0,06399999999999995;0,01090000000000002;0,1261;0,10229999999999995;0,008300000000000085;0,013699999999999934
spambase;0,95;1;0,01979999999999993;0,013700000000000045;0,08789999999999998;0,0023999999999999577;0,13379999999999992;0,12969999999999993;0,01650000000000007;0,007299999999999973
spambase;0,95;2;0,01979999999999993;0,013700000000000045;0,07219999999999993;0,0040000000000000036;0,13069999999999993;0,11499999999999999;0,015199999999999991;0,0040999999999999925
spambase;0,95;3;0,01979999999999993;0,0039000000000000146;0,07729999999999992;0,008799999999999919;0,12429999999999997;0,11509999999999998;0,006400000000000072;0,009399999999999964
spambase;0,95;4;0,01979999999999993;0,013700000000000045;0,07009999999999994;0,005700000000000038;0,12249999999999994;0,1199;0,012900000000000023;0,007000000000000006
spambase;0,95;5;0,01979999999999993;0,0039000000000000146;0,057699999999999974;0,012699999999999934;0,129;0,11549999999999994;0,008099999999999996;0,015599999999999947
spambase;0,95;6;0,01979999999999993;0,0039000000000000146;0,0413;0,015100000000000002;0,1267999999999999;0,10749999999999993;0,008099999999999996;0,013899999999999912
spambase;0,95;7;0,01979999999999993;0,013700000000000045;0,04630000000000001;0,007000000000000006;0,12829999999999997;0,12009999999999998;0,012400000000000078;0,0040000000000000036
spambase;0,95;8;0,01979999999999993;0,0039000000000000146;0,07109999999999994;0,013599999999999945;0,13419999999999999;0,10819999999999996;0,00880000000000003;0,013599999999999945
spambase;0,95;9;0,01979999999999993;0,0039000000000000146;0,044499999999999984;0,0121;0,12619999999999998;0,10470000000000002;0,007900000000000018;0,010299999999999976
wine;0,05;0;0,949;0,9319;0,2944;0,025100000000000004;0,05;0,11919999999999999;0,020000000000000004;0,012300000000000005
wine;0,05;1;0,6241;0,17720000000000002;0,1829;0,011499999999999996;0,035500000000000004;0,1638;0,1503;0,010999999999999996
wine;0,05;2;0,592;0,15799999999999997;0,09069999999999999;0,0204;0,0357;0,18019999999999997;0,09099999999999998;0,03359999999999999
wine;0,05;3;0,6241;0,11969999999999999;0,1426;0,007000000000000006;0,05;0,116;0,013000000000000005;0,014600000000000002
wine;0,05;4;0,949;0,6818;0,4993;0,0051;0,05;0,0717;0,000999999999999994;0,0109
wine;0,05;5;0,6414;0,2212;0,15599999999999997;0,031100000000000003;0,05;0,12719999999999998;0,055999999999999994;0,008999999999999994
wine;0,05;6;0,6076999999999999;0,105;0,21490000000000004;0,008199999999999999;0,05;0,1077;0,06999999999999999;0,0005999999999999964
wine;0,05;7;0,949;0,9508999999999999;0,3372;0,0067000000000000046;0,05;0,06609999999999999;0,001999999999999995;0,004400000000000001
wine;0,05;8;0,949;0,9508999999999999;0,21300000000000002;0,020500000000000004;0,05;0,05489999999999999;0,011000000000000003;0,011200000000000002
wine;0,05;9;0,949;0,7374999999999999;0,329;0,0011999999999999997;0,041400000000000006;0,1451;0,017;0,005499999999999998
wine;0,25;0;0,08700000000000002;0,028700000000000003;0,031200000000000006;0,009199999999999986;0,0822;0,1557;0,03799999999999998;0,0015000000000000013
wine;0,25;1;0,0398;0,0010000000000000009;0,057499999999999996;0,044499999999999984;0,06240000000000001;0,18669999999999998;0,10699999999999998;0,059699999999999975
wine;0,25;2;0,0529;0,02410000000000001;0,09050000000000002;0,035999999999999976;0,03359999999999999;0,2173;0,2703;0,0343
wine;0,25;3;0,02789999999999998;0,012399999999999994;0,07450000000000001;0,017400000000000027;0,0789;0,1405;0,05199999999999999;0,030000000000000027
wine;0,25;4;0,004300000000000026;0,028700000000000003;0,1935;0,005500000000000005;0,0572;0,13479999999999998;0,08900000000000002;0,01529999999999998
wine;0,25;5;0,08700000000000002;0,03470000000000001;0,06719999999999998;0,03589999999999999;0,061200000000000004;0,19330000000000003;0,07100000000000001;0,006799999999999973
wine;0,25;6;0,0368;0,0010000000000000009;0,05459999999999998;0,007799999999999974;0,0892;0,16660000000000003;0,09899999999999998;0,025399999999999978
wine;0,25;7;0,00040000000000001146;0,03420000000000001;0,13990000000000002;0,003500000000000003;0,0983;0,11399999999999999;0,05099999999999999;0,0022999999999999965
wine;0,25;8;0,025000000000000022;0,023799999999999988;0,12459999999999999;0,005900000000000016;0,0902;0,12569999999999998;0,055999999999999994;0,012900000000000023
wine;0,25;9;0,04949999999999999;0,010299999999999976;0,032999999999999974;0,01679999999999998;0,0766;0,19340000000000002;0,07700000000000001;0,029100000000000015
wine;0,5;0;0,009799999999999975;0,005900000000000016;0,09309999999999996;0,0030000000000000027;0,0731;0,0988;0,025000000000000022;0,0028000000000000247
wine;0,5;1;0,0006999999999999784;0,0037000000000000366;0,04390000000000005;0,0020000000000000018;0,0625;0,10570000000000002;0,06599999999999995;0,0043999999999999595
wine;0,5;2;0,01849999999999996;0,018900000000000028;0,045399999999999996;0,023399999999999976;0,04189999999999999;0,13260000000000005;0,038000000000000034;0,017800000000000038
wine;0,5;3;0,009799999999999975;0,005900000000000016;0,08050000000000002;0,0038000000000000256;0,06280000000000002;0,09640000000000004;0,062000000000000055;0,0014000000000000123
wine;0,5;4;0,018600000000000005;0,015199999999999991;0,2136;0,020000000000000018;0,06609999999999999;0,08030000000000004;0,0010000000000000009;0,0006000000000000449
wine;0,5;5;0,01849999999999996;0,02410000000000001;0,08279999999999998;0,0031999999999999806;0,07269999999999999;0,10980000000000001;0,06499999999999995;0,006000000000000005
wine;0,5;6;0,0006999999999999784;0,005900000000000016;0,11150000000000004;0,0017000000000000348;0,067;0,10429999999999995;0,05600000000000005;0,0034999999999999476
wine;0,5;7;0,018600000000000005;0,019699999999999995;0,08699999999999997;0,005400000000000016;0,0832;0,07750000000000001;0,0040000000000000036;0,0011999999999999789
wine;0,5;8;0,018600000000000005;0,015199999999999991;0,1008;0,00649999999999995;0,07719999999999999;0,09350000000000003;0,028000000000000025;0,0018000000000000238
wine;0,5;9;0,008700000000000041;0,008700000000000041;0,03600000000000003;0,022599999999999953;0,07600000000000001;0,12109999999999999;0,09899999999999998;0,0262
wine;0,75;0;0,021199999999999997;0,0030999999999999917;0,04810000000000003;0,0030000000000000027;0,056499999999999995;0,03639999999999999;0,026000000000000023;0,0012999999999999678
wine;0,75;1;0,021199999999999997;0,0030999999999999917;0,06020000000000003;0,0013999999999999568;0,03620000000000001;0,047900000000000054;0,08420000000000005;0,010499999999999954
wine;0,75;2;0,0009000000000000119;0,01419999999999999;0,031200000000000006;0,010600000000000054;0,03539999999999999;0,056400000000000006;0,14039999999999997;0,0012999999999999678
wine;0,75;3;0,0009000000000000119;0,0030999999999999917;0,05620000000000003;0,0004999999999999449;0,0605;0,0403;0,0030000000000000027;0,0016000000000000458
wine;0,75;4;0,021199999999999997;0,0030999999999999917;0,00990000000000002;0,0011999999999999789;0,049799999999999955;0,04300000000000004;0,1281;0,0
wine;0,75;5;0,021199999999999997;0,0030999999999999917;0,05379999999999996;0,0038000000000000256;0,04679999999999995;0,044499999999999984;0,12639999999999996;0,0010000000000000009
wine;0,75;6;0,021199999999999997;0,0030999999999999917;0,04079999999999995;0,00019999999999997797;0,03820000000000001;0,049799999999999955;0,07240000000000002;0,0028000000000000247
wine;0,75;7;0,021199999999999997;0,00770000000000004;0,06340000000000001;0,0042999999999999705;0,05300000000000005;0,03500000000000003;0,015000000000000013;0,010800000000000032
wine;0,75;8;0,021199999999999997;0,00770000000000004;0,03620000000000001;0,0014999999999999458;0,05120000000000002;0,04420000000000002;0,10799999999999998;0,0006000000000000449
wine;0,75;9;0,021199999999999997;0,0030999999999999917;0,012199999999999989;0,0031999999999999806;0,05459999999999998;0,04500000000000004;0,04200000000000004;0,0016000000000000458
wine;0,95;0;0,019899999999999918;0,013600000000000056;0,012199999999999989;0,0009000000000000119;0,030200000000000005;0,2037;0,015900000000000025;0,0005999999999999339
wine;0,95;1;0,019899999999999918;0,013600000000000056;0,04139999999999999;0,0011999999999999789;0,03369999999999995;0,3135;0,01660000000000006;0,0
wine;0,95;2;0,019899999999999918;0,013600000000000056;0,1199;0,005400000000000071;0,01749999999999996;0,44199999999999995;0,015600000000000058;0,007099999999999995
wine;0,95;3;0,019899999999999918;0,0040000000000000036;0,19499999999999995;0,0010000000000000009;0,025899999999999923;0,3599;0,01660000000000006;0,0008000000000000229
wine;0,95;4;0,019899999999999918;0,0040000000000000036;0,0020000000000000018;0,0014999999999999458;0,03149999999999997;0,22749999999999992;0,01440000000000008;0,0007999999999999119
wine;0,95;5;0,019899999999999918;0,0040000000000000036;0,14179999999999993;0,000500000000000056;0,02399999999999991;0,4476;0,01430000000000009;0,00040000000000006697
wine;0,95;6;0,019899999999999918;0,0040000000000000036;0,0826;9,999999999998899e-05;0,024399999999999977;0,354;0,015300000000000091;0,0020000000000000018
wine;0,95;7;0,019899999999999918;0,013600000000000056;0,0686;0,0034000000000000696;0,02729999999999999;0,25259999999999994;0,01660000000000006;0,0035000000000000586
wine;0,95;8;0,019899999999999918;0,013600000000000056;0,118;0,0014000000000000679;0,026999999999999913;0,36439999999999995;0,016199999999999992;0,0013000000000000789
wine;0,95;9;0,019899999999999918;0,013600000000000056;0,06699999999999995;0,0018000000000000238;0,025799999999999934;0,4312999999999999;0,014900000000000024;0,0025000000000000577
